time (ns),n=1_data,n=1_sims,n=2_data,n=2_sims
0.0,0.0020084860205812254,10558548443.488224,0.0017168074398474092,222656456210.3298
0.012499999999999999,0.0019219382366755513,10537527543.54564,0.0020313042457118682,222381121849.71115
0.024999999999999998,0.002170589977328437,10516569377.486818,0.0020189615872191046,222106298000.88065
0.0375,0.0018894493362507905,10495673695.870375,0.0016618475834260535,221831983402.20596
0.049999999999999996,0.001982054329068725,10474840250.493738,0.001988720039354566,221558176795.95178
0.0625,0.0020716812545492755,10454068794.385754,0.001828490340572178,221284876928.26572
0.075,0.0021806608984162364,10433359081.799358,0.001921010722587071,221012082549.1636
0.08750000000000001,0.0018113207610133343,10412710868.204311,0.002284868408880849,220739792412.51526
0.09999999999999999,0.00209187728160083,10392123910.279972,0.002480988119537012,220468005276.0302
0.11249999999999999,0.0015655146308635045,10371597965.908115,0.0017711034130265388,220196719901.24365
0.125,0.0023962153363049155,10351132794.165821,0.001325938789601995,219925935053.502
0.1375,0.0025161871035725833,10330728155.31838,0.001793505764116931,219655649501.94894
0.15,0.0018242033212552782,10310383810.812292,0.0020599490668889143,219385862019.5114
0.1625,0.0019205524005361859,10290099523.26827,0.0019930957556228354,219116571382.88574
0.17500000000000002,0.001752788836458969,10269875056.47431,0.002084031633082912,218847776372.52344
0.1875,0.0018849338550893725,10249710175.378815,0.0017752721697416427,218579475772.61765
0.19999999999999998,0.0019792048384081546,10229604646.083767,0.0019523741410093923,218311668371.08914
0.2125,0.0021688151674606393,10209558235.837912,0.0019235949747473194,218044352959.57288
0.22499999999999998,0.0024933143079930195,10189570713.030056,0.0015502506918662704,217777528333.40396
0.2375,0.0019290699956554663,10169641847.182333,0.0017500634210436583,217511193291.60425
0.25,0.0020052854591962976,10149771408.943586,0.0013328377450809797,217245346636.86877
0.2625,0.0017357187049970857,10129959170.08274,0.0015289741746796703,216979987175.55243
0.275,0.002162730019038386,10110204903.482258,0.002331294543464483,216715113717.6561
0.2875,0.0017240752142881092,10090508383.131618,0.001563264953642105,216450725076.8136
0.3,0.0017520873242070937,10070869384.120846,0.0016416999365298083,216186820070.27835
0.3125,0.002454099504335529,10051287682.634096,0.0022610089289584996,215923397518.91013
0.325,0.0020397997370726014,10031763055.943256,0.0021308977512367305,215660456247.16144
0.3375,0.0024635524491239966,10012295282.401623,0.00197797695709145,215397995083.06522
0.35000000000000003,0.001995482509951026,9992884141.437592,0.001651365216444291,215136012858.2208
0.3625,0.00227485102894726,9973529413.548416,0.00159856365250661,214874508407.78156
0.375,0.002486141024000573,9954230880.294,0.0018373247557906028,214613480570.44156
0.38749999999999996,0.0029916675365977185,18896388615.233124,0.0017892594101962926,215379385575.55414
0.39999999999999997,0.00927545143756842,94945686604.04726,0.002161794669369252,224192303961.6306
0.4125,0.02972995484438074,473160676071.4055,0.001447319223678086,270488001604.6599
0.425,0.0873405954460308,1550229954397.1204,0.0018694194316970843,410354573484.9107
0.4375,0.21768659209591532,3281311765719.277,0.0029902994533172827,659655159603.7454
0.44999999999999996,0.43001437779226803,4803920731514.206,0.0037909077021616986,927442159179.0903
0.46249999999999997,0.7009824891564983,5485521565347.256,0.006671542782344772,1109149286104.3716
0.475,0.8946590503501228,5617600976277.16,0.007803740552259597,1196455397243.266
0.4875,0.9837799113428751,5638836835770.787,0.008980310987944103,1233198238968.8945
0.5,1.0,5647322657023.611,0.009197229700920549,1249166928615.9258
0.5125,0.9890989895715793,5605533152902.612,0.009989900005395404,1255435920007.2136
0.525,0.9800677342801041,5502901823223.1875,0.010049625307113843,1256397220316.2463
0.5375,0.9461802334777611,5353352907885.911,0.009638826720671031,1254220609059.5305
0.55,0.8992415421569747,5176210721183.74,0.008550650220309475,1250224811996.3901
0.5624999999999999,0.8439721104304033,4986581036906.973,0.009905476634396072,1245209895599.3518
0.575,0.796765875408206,4794359294188.938,0.010520512046439879,1239659897370.929
0.5874999999999999,0.7430691979638866,4605419784718.673,0.009299652266364165,1233866343671.7087
0.6,0.7042900522293462,4422966146524.426,0.009045449491483433,1228003539343.311
0.6124999999999999,0.6690574646192696,4248555909918.9453,0.009188696571307088,1222174458009.367
0.625,0.6177750404736002,4082779780244.748,0.008369989953255604,1216438711377.741
0.6375,0.5987975805203237,3925683566151.532,0.009601955666759282,1210829594571.5542
0.65,0.5751397867142731,3777020452209.988,0.008367167777529811,1205364472681.9194
0.6625,0.545291305864978,3636397882214.585,0.01014427032981367,1200051108456.511
0.675,0.530257473475012,3503361132575.0854,0.009349309750064441,1194891515935.6184
0.6875,0.49588081721156146,3377439655149.2407,0.008229050497506078,1189884306078.6104
0.7000000000000001,0.47550018492632007,3258171865080.205,0.009017652404476845,1185026113246.3845
0.7125,0.4633894386774449,3145117621234.5186,0.008507862644716426,1180312461492.4104
0.725,0.4445869106145904,3037863786669.036,0.009497965210727264,1175738289468.2063
0.7374999999999999,0.4282209388563759,2936025977645.166,0.009395580605067462,1171298267320.1228
0.75,0.4135128529200789,2839248278992.4395,0.007874399769075916,1166986986879.2297
0.7625,0.39118885161550343,2747201932548.531,0.008698569153551706,1162799074702.4192
0.7749999999999999,0.38226912602092744,2659583561364.7725,0.008908823932914837,1158729258172.5132
0.7875,0.37321179618869965,2576113238167.993,0.008739287766770722,1154772403069.5544
0.7999999999999999,0.36243309570497156,2496532562030.8145,0.0083795396583547,1150923533835.015
0.8125,0.3467660263758406,2420602825745.6523,0.00973439634189432,1147177843367.4321
0.825,0.33529684936640497,2348103311077.8984,0.010521135612886087,1143530696516.052
0.8375,0.3289779737261229,2278829724354.6846,0.009075861794662599,1139977629810.2612
0.85,0.31627517439583663,2212592771795.063,0.008767637436517211,1136514348969.7234
0.8625,0.30688026859087436,2149216867485.455,0.008840419063769716,1133136725134.924
0.875,0.29575004495656526,2088538964027.6167,0.009049190890159958,1129840790388.9187
0.8875,0.290869772048648,2030407494973.5566,0.008457388703805926,1126622732916.2434
0.8999999999999999,0.28594249513207026,1974681418275.5652,0.009089381360282629,1123478892007.9175
0.9125,0.27971118985660925,1921229350595.8928,0.008801665105552943,1120405753037.987
0.9249999999999999,0.27184258267129663,1869928783151.664,0.00840505750248924,1117399942486.2117
0.9375000000000001,0.2642060358723964,1820665370661.6284,0.009184225279176422,1114458223050.5305
0.95,0.2575543907728121,1773332285832.721,0.008854697290279186,1111577488874.1348
0.9624999999999999,0.2500298894775559,1727829632638.1482,0.008948102105213684,1108754760900.5225
0.975,0.24466790636270302,1684063912379.5059,0.008792273451009558,1105987182363.0032
0.9874999999999999,0.23890605564047285,1641947537190.1106,0.008818100390580737,1103272014410.918
1.0,0.2357007063968452,1601398386228.0974,0.009929645209755054,1100606631872.359
1.0125,0.22369446397120457,1562339400331.5334,0.008104589860209156,1097988519151.6649
1.025,0.22128996487719826,1524698211370.497,0.008653860514481235,1095415266259.1134
1.0374999999999999,0.21725372998782536,1488406802939.4592,0.008318922251212215,1092884564969.7393
1.05,0.2132275678879838,1453401199393.7954,0.008834581896819805,1090394205107.9515
1.0625,0.2063808835678782,1419621180552.6028,0.009948381768788546,1087942070954.5005
1.075,0.20527134383736342,1387010019671.3752,0.010054030589032677,1085526137772.3109
1.0875,0.19572697216749346,1355514242537.1335,0.008837413380433838,1083144468447.7133
1.1,0.18942623553672594,1325083405759.2065,0.009418608317102499,1080795210243.6501
1.1125,0.18634619895868576,1295669892524.6194,0.007968431976475248,1078476591661.4974
1.1249999999999998,0.1852557908918047,1267228724260.9006,0.009431662895674355,1076186919408.2114
1.1375,0.17965232067131043,1239717386803.8242,0.008389366205453498,1073924575465.5958
1.15,0.17095909567430093,1213095669805.352,0.00856057327683243,1071688014258.5532
1.1625,0.17865737740198304,1187325518239.953,0.008993360190943187,1069475759919.2826
1.1749999999999998,0.1708311347019361,1162370894977.1946,0.008178288963450403,1067286403644.4482
1.1875,0.1675019967676126,1138197653486.6646,0.009220647472758477,1065118601142.4402
1.2,0.17143830565095727,1114773419829.122,0.008871952879003029,1062971070167.9152
1.2125000000000001,0.1600248606037061,1092067483166.5581,0.008478656307920485,1060842588140.895
1.2249999999999999,0.1593045761405275,1070050694094.5261,0.009175229258077037,1058731989847.7627
1.2375,0.15352194614159603,1048695370163.6323,0.00803768548100147,1056638165221.5844
1.25,0.14891386805075826,1027975208014.2095,0.008766059470195889,1054560057199.2485
1.2625,0.1471398644600814,1007865201599.6627,0.008331963905829567,1052496659652.99
1.275,0.1488365162457924,988341566020.38,0.008722581759392332,1050447015393.9329
1.2874999999999999,0.14553929846282168,969381666531.9617,0.008275027771759999,1048410214245.359
1.3,0.1424013481511004,950963952329.3796,0.009028038011148041,1046385391183.4681
1.3124999999999998,0.13566418037587685,933067894742.8784,0.007987176598867751,1044371724543.4673
1.325,0.13957655433113428,915673929512.4263,0.00872625417749323,1042368434288.8851
1.3375,0.13832606727165478,898763402835.5948,0.008765946583166862,1040374780342.0709
1.35,0.13159736871139555,882318520909.2206,0.008194455998679871,1038390060973.8988
1.3624999999999998,0.13284418713257629,866322302708.3267,0.007899855794123216,1036413611250.7499
1.375,0.12883327604975855,850758535766.8036,0.008645520313264732,1034444801536.9143
1.3875,0.12367550013609564,835611734743.4677,0.008598397032514162,1032483036050.5955
1.4000000000000001,0.12173687755806967,820867102574.5295,0.008383356315050633,1030527751471.7648
1.4124999999999999,0.12115556580205662,806510494029.3646,0.009241475129615297,1028578415600.1631
1.425,0.12049580293643761,792528381500.9529,0.008235055012336298,1026634526061.7944
1.4375,0.11981103559388735,778907822875.5645,0.007900600310957528,1024695609062.3127
1.45,0.11705536698566807,765636431338.3374,0.008473954214759195,1022761218185.7455
1.4625,0.1158504533115143,752702346982.4244,0.008716469811012865,1020830933237.0469
1.4749999999999999,0.11530295659626955,740094210099.4922,0.008125242810949685,1018904359127.0253
1.4875,0.11047280552924417,727801136038.6027,0.008452523810412066,1016981124798.2222
1.5,0.1090475356481638,715812691528.976,0.0076249320142255045,1015060882190.3748
1.5125,0.10728756361571601,704118872369.924,0.007474169558779845,1013143305244.1309
1.525,0.10561678183027781,692710082398.3657,0.007934237957823352,1011228088941.7283
1.5375,0.1033280940769147,681577113650.9049,0.007835303228020313,1009314948383.3876
1.5499999999999998,0.10430984569056331,670711127643.4648,0.007062857605133502,1007403617898.2103
1.5625,0.10056892543997291,660103637697.0345,0.007967561133679793,1005493850188.4114
1.575,0.10440616374245033,649746492243.1669,0.007980508654371865,1003585415505.745
1.5875000000000001,0.1011847510612198,639631859047.5878,0.007720634196598944,1001678100859.0322
1.5999999999999999,0.10065385142702954,629752210294.5958,0.00828299168287984,999771709251.7195
1.6124999999999998,0.09762388562193927,620100308478.9403,0.008212681878296149,997866058948.4369
1.625,0.09393528513752374,610669193055.5471,0.008445868012782654,995960982769.5598
1.6375,0.09161921221246976,601452167800.8754,0.008128570290519823,994056327412.808
1.65,0.09197519070738416,592442788842.838,0.008605647001937932,992151952800.9406
1.6624999999999999,0.09433880857016241,583634853319.1272,0.008651102845629071,990247731454.6471
1.675,0.09139044188128843,575022388626.4875,0.008517232828659483,988343547889.7542
1.6875,0.09017981823170346,566599642225.9716,0.008648560758241967,986439298037.8994
1.7,0.08970457025423959,558361071971.5264,0.008679891725819382,984534888689.8516
1.7125,0.08594078769248255,550301336931.3998,0.00799928238883849,982630236960.6815
1.725,0.08532043315114234,542415288673.8522,0.00836158255737901,980725269776.0177
1.7375,0.08582125645545378,534697962990.4918,0.008966503829178615,978819923378.6365
1.75,0.08016696490277228,527144572032.2753,0.008123773287005628,976914142854.6724
1.7625,0.08403723285317564,519750496834.8025,0.007880444600702073,975007881678.7518
1.775,0.08364765434040485,512511280211.01544,0.008642609440587493,973101101277.374
1.7874999999999999,0.08353345567160454,505422619990.7869,0.0073918130955263955,971193770609.8896
1.7999999999999998,0.08046524805672024,498480362588.16516,0.008700391320882364,969285865766.4469
1.8125,0.07894331317945154,491680496878.2343,0.008675787475977996,967377369582.2982
1.825,0.07825593062072905,485019148366.659,0.008546523764374356,965468271267.875
1.8375,0.07629789166319392,478492573636.02094,0.007759875878120518,963558566054.0634
1.8499999999999999,0.07890406074678442,472097155054.014,0.008285093531849117,961648254852.1311
1.8625,0.0768862803608127,465829395729.4731,0.008358635984877051,959737343927.773
1.8750000000000002,0.07450494461004918,459685914703.0441,0.006785816709164573,957825844588.7588
1.8874999999999997,0.07216282635072961,453663442360.09576,0.007856353971148871,955913772885.6926
1.9,0.07509148411062118,447758816054.19885,0.007423773563675102,954001149325.3947
1.9125,0.0717684931438071,441968975930.1932,0.007660594423871044,952087998596.4504
1.9249999999999998,0.07105024342472911,436290960936.4932,0.008513493199392975,950174349306.4739
1.9374999999999998,0.07019135921231208,430721905016.89294,0.008231512509853656,948260233730.6506
1.95,0.06679658553396464,425259033472.6844,0.0074334092779392335,946345687571.1478
1.9625000000000001,0.06861006996303452,419899659486.43414,0.007940925170400482,944430749726.9817
1.9749999999999999,0.06838486034011042,414641180799.2512,0.0077715946268487246,942515462073.9543
1.9874999999999998,0.06607708763157177,409481076533.84576,0.00813681494162287,940599869254.2833
2.0,0.06552017458445814,404416904156.103,0.007786872004778116,938684018475.559
2.0125,0.0656193324005326,399446296568.313,0.0076297493870809505,936767959318.6783
2.025,0.06683148644044075,394566959327.5652,0.008297196634033168,934851743554.4148
2.0375,0.06376078653517343,389776667983.187,0.007499798265685862,932935424968.301
2.05,0.062220798509004235,385073265527.4302,0.007704924085058144,931019059193.4995
2.0625,0.062483239349217484,380454659953.93005,0.008052285536756692,929102703551.366
2.0749999999999997,0.06335320323847192,375918821918.75946,0.008042671324783755,927186416899.4015
2.0875,0.060209640828735166,371463782499.17395,0.008367294103490922,925270259486.316
2.1,0.05963536517661263,367087631045.4089,0.007998316924869787,923354292813.9244
2.1125,0.05881731388129258,362788513121.1385,0.006411316123537592,921438579505.6124
2.125,0.06288879406438357,358564628528.4324,0.007598313037280551,919523183181.1144
2.1375,0.05736443077337789,354414229413.2708,0.007438112904148814,917608168337.3596
2.15,0.058632318752191534,350335618447.8801,0.008379206372840493,915693600235.1477
2.1624999999999996,0.058682765192644044,346327147086.34753,0.007822530153314942,913779544791.4219
2.175,0.05748119359040915,342387213890.1549,0.00869506159229241,911866068476.9226
2.1875,0.05723604059235601,338514262920.4451,0.007034587467719556,909953238219.0045
2.2,0.05561517906382891,334706782193.99536,0.008101821440211631,908041121309.412
2.2125,0.059465812912799634,330963302200.0285,0.007699289071204978,906129785316.8182
2.225,0.05524282657413185,327282394475.13416,0.007668792172407824,904219298003.9288
2.2375,0.053136652956639115,323662670233.7107,0.007072133156019215,902309727248.9749
2.2499999999999996,0.05492597418592274,320102779051.4691,0.006600757239567435,900401140971.4094
2.2624999999999997,0.0513883554112641,316601407599.65894,0.006994429251033895,898493607061.6418
2.275,0.05232539569805594,313157278427.7942,0.007506772407879569,896587193314.6401
2.2875,0.05298551393710227,309769148792.76556,0.007548897366546876,894681967367.2478
2.3,0.05444492761398312,306435809532.328,0.007822100821195867,892777996639.0547
2.3125,0.05586140986423051,303156083981.0505,0.007687730315421797,890875348276.68
2.325,0.05067118411580804,299928826926.9082,0.007939250679469703,888974089101.3237
2.3375,0.05087546777795186,296752923606.78235,0.007914426636129051,887074285559.4459
2.3499999999999996,0.05040377893410312,293627288739.2184,0.007738825134991932,885176003676.4464
2.3625,0.04900386957483311,290550865592.86975,0.008771617812482597,883279309013.2148
2.375,0.04524964209374805,287522625089.12976,0.007506186470443123,881384266625.4307
2.3875,0.04837706972169215,284541564937.5236,0.007686335354277674,879490941025.4915
2.4,0.04778254166040406,281606708802.50116,0.007025596606298697,877599396146.9601
2.4125,0.045833047635371334,278717105500.3306,0.007457424649473072,875709695311.4198
2.4250000000000003,0.04410931914552993,275871828224.8585,0.006432117457121893,873821901197.6311
2.4374999999999996,0.044684556504266705,273069973800.95392,0.007459843657238202,871936075812.8904
2.4499999999999997,0.0480012580508906,270310661964.51065,0.00700666943032484,870052280466.492
2.4625,0.043010806977448905,267593034667.9333,0.007170251165841356,868170575745.2014
2.475,0.04462330722765575,264916255410.0796,0.00790276935458693,866291021490.6473
2.4875,0.04646204878557809,262279508589.6803,0.007254959075113218,864413676778.5471
2.5,0.04301431765168109,259681998881.29993,0.00894307708286799,862538599899.6824
2.5125,0.04273998630585922,257122950632.94376,0.007463762327015061,860665848342.5427
2.525,0.04472714088096218,254601607284.45816,0.007162820299347719,858795478777.5637
2.5374999999999996,0.042137814378102566,252117230805.90515,0.007993466019056794,856927547042.8801
2.55,0.04238581374195929,249669101155.13318,0.007802724568998252,855062108131.5298
2.5625,0.04196848383455089,247256515753.79483,0.007365814137625185,853199216180.03
2.5749999999999997,0.042698331513725554,244878788981.09985,0.007811421491826697,851338924458.2716
2.5875,0.04209949998289076,242535251684.6186,0.006986916888030219,849481285360.6583
2.6,0.04127386306703784,240225250707.4829,0.006019566433942631,847626350398.4362
2.6125000000000003,0.04074406811306057,237948148431.35968,0.007460725251179125,845774170193.151
2.6249999999999996,0.04187771728763438,235703322334.5966,0.006405387421318372,843924794471.1803
2.6374999999999997,0.04406084702118983,233490164564.96817,0.007474731189278255,842078272059.2853
2.65,0.038671685346259504,231308081526.47247,0.007503966358872128,840234650881.1282
2.6625,0.039400196412560214,229156493479.65277,0.007272977995176226,838393977954.7117
2.675,0.04101350526128847,227034834154.93933,0.006490864404588736,836556299390.6854
2.6875,0.038125992135693045,224942550378.53024,0.00648451047752587,834721660391.478
2.7,0.04013306950531138,222879101710.3469,0.006295755933458544,832890105251.2113
2.7125,0.03980023579002185,220843960093.62115,0.006772165442010602,831061677356.3522
2.7249999999999996,0.03826175760261202,218836609515.68906,0.0070778447021310744,829236419187.062
2.7375,0.03846739207714421,216856545679.58224,0.007408797217823239,827414372319.2081
2.75,0.03849704219117761,214903275686.02676,0.007029406135177703,825595577426.994
2.7624999999999997,0.03740016616801133,212976317725.4736,0.006755584487674389,823780074286.1808
2.775,0.035373930006007345,211075200779.79968,0.007192032619785785,821967901777.857
2.7875,0.03720562956354821,209199464333.33566,0.007660245011638137,820159097892.7325
2.8000000000000003,0.034647893673979246,207348658092.88574,0.006351092230509006,818353699735.9174
2.8125,0.03530713851382886,205522341716.42413,0.0061873649392431476,816551743532.1627
2.8249999999999997,0.034852621573539605,203720084550.15945,0.006259176928568222,814753264631.5298
2.8375,0.036576542404176175,201941465373.6743,0.007217918690658066,812958297515.4624
2.85,0.03446965652328623,200186072152.8579,0.007193193743512839,811166875803.2354
2.8625,0.03402976802457624,198453501800.35992,0.006522491587223023,809379032258.7534
2.875,0.034393187551508456,196743359943.30505,0.006287104512193463,807594798797.6791
2.8875,0.03405394197550745,195055260698.0176,0.007330007447130199,805814206494.8634
2.9,0.03378817365572381,193388826451.5158,0.007065542703752644,804037285592.0575
2.9124999999999996,0.033880655010366856,191743687649.54327,0.0061906494142307525,802264065505.888
2.925,0.03390657602246236,190119482590.91586,0.007108798652701029,800494574836.0717
2.9375,0.03215266301191197,188515857227.96893,0.006440440065914632,798728841373.8514
2.9499999999999997,0.03379270526360336,186932464972.89954,0.007089816102781441,796966892110.6382
2.9625,0.03381244705475224,185368966509.8045,0.007607335936244323,795208753246.8356
2.975,0.031201168489204897,183825029612.2249,0.006344681077561852,793454450200.8369
2.9875000000000003,0.03199924215546893,182300328966.01175,0.00610016239710045,791704007618.1738
3.0,0.030555185334050404,180794545997.33734,0.005971800802611495,789957449380.8043
3.0124999999999997,0.03336908862379228,179307368705.68134,0.006169550290946942,788214798616.5237
3.025,0.03147762075995095,177838491501.62796,0.00596822971359605,786476077708.4865
3.0375,0.03275839667458004,176387615049.31683,0.006601988245741246,784741308304.825
3.05,0.02998494160714016,174954446113.39462,0.0064110015752818555,783010511328.353
3.0625,0.030479465585868653,173538697410.32175,0.006562077305404552,781283706986.3413
3.075,0.031121061703173223,172140087463.89282,0.006616432409884718,779560914780.3553
3.0875,0.03256091425621618,170758340464.83478,0.007143673966776595,777842153516.1428
3.0999999999999996,0.0293637116931837,169393186134.3514,0.00711819375165169,776127441313.5638
3.1125,0.028066718803712344,168044359591.4886,0.00645836931651121,774416795616.549
3.125,0.029584768686111148,166711601224.19778,0.0059193335033055575,772710233203.0819
3.1374999999999997,0.02928749144629399,165394656563.98047,0.006531025309060967,771007770195.1942
3.15,0.028983005563337567,164093276164.0006,0.006882211480814327,769309422068.9633
3.1625,0.02758631079660849,162807215480.55518,0.00657486310533595,767615203664.5101
3.1750000000000003,0.02963217977061951,161536234757.79852,0.006228136123742019,765925129195.9856
3.1875,0.028304248111190262,160280098915.61703,0.006235102713592692,764239212261.5382
3.1999999999999997,0.027762548951222654,159038577440.55847,0.006267541607721684,762557465853.2612
3.2125,0.027985137982401258,157811444279.71835,0.006119565527162441,760879902367.1053
3.2249999999999996,0.02596952126448598,156598477737.4949,0.006138549362544949,759206533612.7601
3.2375,0.027532755664116556,155399460375.12204,0.00738926009391768,757537370823.4905
3.25,0.027681315982686902,154214178912.89624,0.005602749893737716,755872424665.9288
3.2625,0.02748934083866833,153042424135.01535,0.006477731880210765,754211705249.814
3.275,0.026022438403238646,151883990796.9486,0.006460648309817258,752555222137.6753
3.2875,0.027484145860542507,150738677535.26282,0.006808875546307609,750902984354.4565
3.3,0.02569126011348869,149606286779.82877,0.006319200862436954,749255000397.0746
3.3125,0.026575563343217,148486624668.338,0.006716020271784493,747611278243.9114
3.3249999999999997,0.026193607392692025,147379500963.05923,0.006642864101397113,745971825364.2312
3.3375,0.025725368122975188,146284728969.76874,0.006839972917450644,744336648727.5293
3.35,0.026244753143536775,145202125458.78873,0.00626424465047175,742705754812.7946
3.3625,0.026137615856759368,144131510588.07315,0.006538584498704377,741079149617.6982
3.375,0.02539148054452809,143072707828.27826,0.006057144375679263,739456838667.6967
3.3874999999999997,0.024630503706234236,142025543889.7615,0.006416719128804269,737838827025.0479
3.4,0.023646905583324936,140989848651.45068,0.006253930657363804,736225119297.7412
3.4124999999999996,0.024290072315316612,139965455091.53018,0.006629652939955366,734615719648.3372
3.425,0.026296829141811962,138952199219.89008,0.006300343353015324,733010631802.7147
3.4375,0.023792422339323407,137949920012.28812,0.006186400023923359,731409859058.7262
3.45,0.02447384338779864,136958459346.1743,0.006263579810559798,729813404294.7565
3.4625,0.024586019209139404,135977661938.1308,0.006466628224568273,728221269978.1857
3.475,0.023033469404192545,135007375282.88058,0.007004667029452622,726633458173.7554
3.4875,0.024604641825439987,134047449593.81987,0.006285657288095362,725049970551.8347
3.5,0.02319887846737877,133097737745.03148,0.006346054536415183,723470808396.588
3.5124999999999997,0.024670815126745137,132158095214.73636,0.00596860600369283,721895972614.0419
3.525,0.023119075401210307,131228380030.14346,0.006172178946051616,720325463740.0497
3.5375,0.024577203792629367,130308452713.6577,0.005016603779194973,718759281948.1567
3.55,0.023031727718601715,129398176230.4088,0.005600465275292824,717197427057.361
3.5625,0.024369385256931986,128497415937.06328,0.006564453308587177,715639898539.7711
3.5749999999999997,0.02315834933616862,127606039531.88428,0.005373669858389893,714086695528.1642
3.5875,0.023671724212800425,126723917006.00456,0.006593810569442576,712537816823.4366
3.5999999999999996,0.025357875151099506,125850920595.87866,0.005997964694601092,710993260901.9545
3.6125,0.02149007794323316,124986924736.88249,0.0053532534328531245,709453025922.7979
3.625,0.022947178021641392,124131806018.02785,0.005979599050091814,707917109734.905
3.6375,0.021737639197905834,123285443137.76231,0.005813149813566692,706385509884.1118
3.65,0.022499443189096545,122447716860.82393,0.005694675723667115,704858223620.0854
3.6625,0.02083490850458125,121618509976.12282,0.006311468100948122,703335247903.1608
3.675,0.020186888577768354,120797707255.62129,0.00631533045001301,701816579411.07
3.6874999999999996,0.021706415183232023,119985195414.18579,0.005282037844251534,700302214545.5702
3.6999999999999997,0.022104731689607516,119180863070.38449,0.005614973946310107,698792149438.9724
3.7125,0.021908068271650653,118384600708.20477,0.005482721279556237,697286379960.5664
3.725,0.02047591968889245,117596300639.66676,0.0055099083757160425,695784901722.9448
3.7375000000000003,0.022191138646974216,116815856968.30815,0.004989305651245959,694287710088.2296
3.7500000000000004,0.02081472860424805,116043165553.5177,0.005239194528945703,692794800174.1953
3.7624999999999997,0.02080665738964393,115278123975.69495,0.006392940590800413,691306166860.2972
3.7749999999999995,0.01867673823298133,114520631502.21405,0.00606566522836088,689821804793.5983
3.7874999999999996,0.02060394433096346,113770589054.17064,0.006109276680801956,688341708394.599
3.8,0.01989983298965181,113027899173.89162,0.005554686897233006,686865871862.9733
3.8125,0.020250253142279812,112292465993.18721,0.005948057876622146,685394289183.2035
3.825,0.020251466275433415,111564195202.32643,0.005555220619912581,683926954130.1252
3.8375000000000004,0.019282738733221397,110842994019.71736,0.005799323840296339,682463860274.3738
3.8499999999999996,0.01958751220932316,110128771162.27322,0.0054210501571475885,681005000987.7402
3.8625,0.019042343117106193,109421436816.44751,0.005255396505398631,679550369448.4321
3.8749999999999996,0.018350700416930155,108720902609.9202,0.006387148102770285,678099958646.2452
3.8874999999999997,0.019361222122673633,108027081583.9188,0.004919800881275249,676653761387.6422
3.9,0.02016095681452722,107339888166.15787,0.00606187756753941,675211770300.7428
3.9125,0.018164305117489517,106659238144.38129,0.0055552002644365574,673773977840.2242
3.9250000000000003,0.01864126087851959,105985048640.49194,0.006136388382274884,672340376292.1345
3.9375000000000004,0.020012464678977854,105317238085.25395,0.006406096996929448,670910957778.6185
3.9499999999999997,0.018808585032764273,104655726193.55304,0.006197095318915735,669485714262.558
3.9624999999999995,0.019054749939154243,104000433940.20107,0.005428963000325341,668064637552.126
3.9749999999999996,0.018754693528194012,103351283536.2709,0.005693422368130154,666647719305.2595
3.9875,0.018451546162868385,102708198405.94865,0.0050388469302737144,665234951034.0463
4.0,0.018274608450935682,102071103163.89003,0.005554276975144195,663826324109.0317
4.0125,0.017410458976529767,101439923593.06851,0.00614343307044374,662421829763.4443
4.025,0.01911464994698879,100814586623.10353,0.005211832863336985,661021459097.3412
4.0375,0.017720032839151745,100195020309.05573,0.005219218900379528,659625203081.675
4.05,0.015970955835718875,99581153810.6791,0.0053616178241473545,658233052562.2833
4.0625,0.017795753157770267,98972917372.11806,0.005372764074371172,656844998263.8005
4.075,0.016767599690725856,98370242302.0384,0.00591011977150731,655461030793.4946
4.0875,0.01834551836474058,97773060954.18246,0.005704375097732814,654081140645.0288
4.1,0.017445080353219854,97181306708.33696,0.005942765625189547,652705318202.1508
4.1125,0.016675822445009977,96594913951.70464,0.005675357755698038,651333553742.3077
4.125,0.0160518007746516,96013818060.66931,0.006183736427595611,649965837440.1914
4.137499999999999,0.01784232443281928,95437955382.94482,0.006017099046022306,648602159371.2108
4.1499999999999995,0.016371134978073285,94867263220.0992,0.006003778376596287,647242509514.8973
4.1625,0.015824597802576102,94301679810.44438,0.005235713845550573,645886877758.2405
4.175,0.017356786212613346,93741144312.28343,0.005661223382210898,644535253898.9559
4.1875,0.016812609664258866,93185596787.50607,0.0049785515055497205,643187627648.6881
4.2,0.015770065304192785,92634978185.52484,0.005527583259119182,641843988636.1465
4.2125,0.017298206265086727,92089230327.54367,0.004582235024547714,640504326410.1769
4.225,0.015607572489256922,91548295891.15048,0.0050745272948078375,639168630442.7723
4.2375,0.014840666394151911,91012118395.22739,0.00662765123034172,637836890132.0172
4.25,0.015654639241983778,90480642185.16965,0.004886079695155848,636509094804.9735
4.2625,0.016762275094745944,89953812418.40727,0.004876534197026809,635185233720.5048
4.275,0.01597842250635368,89431575050.22163,0.005974669649823713,633865296072.0415
4.2875,0.016044934468745983,88913876819.85039,0.00489783759207759,632549270990.2865
4.3,0.015391886598740167,88400665236.87396,0.004711642523810951,631237147545.8658
4.3125,0.016086713420634547,87891888567.87741,0.005347931615770035,629928914751.9182
4.324999999999999,0.015040100145445967,87387495823.38065,0.004471589609375532,628624561566.6342
4.3374999999999995,0.015294434621860743,86887436745.03171,0.00504130894262121,627324076895.7357
4.35,0.015936976839979643,86391661793.05627,0.004865406761307946,626027449594.9061
4.3625,0.015417676867291862,85900122133.9581,0.005124716972100337,624734668472.1631
4.375,0.014807982911460306,85412769628.46442,0.0046852417507552285,623445722290.183
4.3875,0.014386390174812705,84929556819.71083,0.005006606932338681,622160599768.5715
4.4,0.015659436015738944,84450436921.66005,0.004970351381513855,620879289586.0859
4.4125,0.014724607777158985,83975363807.74979,0.006655080090610615,619601780382.8068
4.425,0.015455452230934015,83504291999.76373,0.004597649698118536,618328060762.2607
4.4375,0.01518323014711667,83037176656.92154,0.0051291888069380015,617058119293.498
4.45,0.014602681722442548,82573973565.18217,0.004991560704040208,615791944513.1191
4.4625,0.013989594955542783,82114639126.75648,0.0057658017682460875,614529524927.2594
4.475,0.014718476936367861,81659130349.82367,0.005599516486691784,613270849013.5255
4.4875,0.015139159172991601,81207404838.4478,0.005463937102930782,612015905222.8896
4.499999999999999,0.013732352294237244,80759420782.68948,0.005655930435558546,610764681981.5378
4.512499999999999,0.015055151749317628,80315136948.90843,0.004668523719312527,609517167692.6782
4.5249999999999995,0.014657273352126535,79874512670.253,0.00554847273506333,608273350738.3046
4.5375,0.01374306496707899,79437507837.33235,0.005227396814360207,607033219480.9203
4.55,0.014252344891193211,79004082889.06715,0.005515036672177896,605796762265.2213
4.5625,0.014676571658518487,78574198803.71526,0.005146756178885115,604563967419.7385
4.575,0.013033640715814766,78147817090.06818,0.006240865327646347,603334823258.4432
4.5875,0.014722404241261134,77724899778.81503,0.00520094787638321,602109318082.3118
4.6,0.012594639186618191,77305409414.06989,0.004590962267006446,600887440180.8541
4.6125,0.01379893626500894,76889309045.05927,0.005330705753131943,599669177833.6052
4.625,0.013738222419747058,76476562217.96652,0.005703246227442459,598454519311.5797
4.6375,0.013811623178697127,76067132967.92918,0.005356613165860058,597243452878.6924
4.65,0.013000290662094382,75660985811.18636,0.005277447105070062,596035966793.1418
4.6625000000000005,0.013361001750703178,75258085737.37328,0.004883563309107474,594832049308.762
4.675,0.01303097711948696,74858398201.95888,0.00522020263020394,593631688676.3384
4.687499999999999,0.014273102665603596,74461889118.82474,0.005364972181581426,592434873144.8931
4.699999999999999,0.014412152607509188,74068524852.98093,0.004740516078186031,591241590962.9359
4.7124999999999995,0.013196697334718484,73678272213.417,0.00484712141499501,590051830379.6858
4.725,0.012690356636093747,73291098446.08492,0.004485458587228489,588865579646.259
4.7375,0.013302715012877874,72906971227.0107,0.004329190685607804,587682827016.8291
4.75,0.013019906127282422,72525858655.53287,0.0047552317087566544,586503560749.7554
4.7625,0.011769671529580129,72147729247.66435,0.004957167789194426,585327769108.6837
4.775,0.01377665238977451,71772551929.5758,0.0057567546792049226,584155440363.617
4.7875,0.013035621743140137,71400296031.19727,0.005062509005456099,582986562791.9592
4.8,0.011649444155870967,71030931279.93637,0.0044900681409136755,581821124679.5309
4.8125,0.01312546087500236,70664427794.51007,0.00502501020585777,580659114321.5587
4.825,0.013442272946415038,70300756078.88779,0.004726413262915811,579500520023.6365
4.8375,0.012815997160785277,69939887016.34389,0.004500120919608518,578345330102.6635
4.8500000000000005,0.012017334920135993,69581791863.61687,0.0051333226224299245,577193532887.7551
4.8625,0.011594887467411634,69226442245.17336,0.0051414854297439075,576045116721.1284
4.874999999999999,0.01283411557978283,68873810147.57452,0.005695247375099239,574900069958.9663
4.887499999999999,0.011489080067769665,68523867913.9432,0.004601667720260314,573758380972.2539
4.8999999999999995,0.01271662141943722,68176588238.52913,0.004830426161403318,572620038147.5946
4.9125,0.012114014597144793,67831944161.37092,0.004948107261221257,571485029888.0017
4.925,0.01191120767391158,67489909063.05227,0.005561782653343804,570353344613.6687
4.9375,0.014097568711027426,67150456659.550896,0.00545612039416718,569224970762.717
4.95,0.012019219058406291,66813560997.17811,0.003883786849192937,568099896791.9215
4.9624999999999995,0.011645807748562944,66479196447.60728,0.005016985538617036,566978111177.4175
4.975,0.011755254243300555,66147337702.98942,0.004495166871725375,565859602415.3842
4.9875,0.01199269598215605,65817959771.15409,0.005078123553018546,564744359022.7095
5.0,0.01093998949518575,65491037970.89412,0.005220003734009971,563632369537.636
5.0125,0.0117176887461933,65166547927.33206,0.004596759822283463,562523622520.3857
5.025,0.01258805183610075,64844465567.367256,0.004967770834550691,561418106553.7668
5.0375000000000005,0.0115256796552541,64524767115.201584,0.0050219353782097655,560315810243.7628
5.05,0.011497181055995644,64207429087.94251,0.004957124784611943,559216722220.1018
5.062499999999999,0.010269096506061738,63892428291.28166,0.004796817140023715,558120831136.8093
5.074999999999999,0.011475655961151354,63579741815.24789,0.004328958276262545,557028125672.744
5.0874999999999995,0.011686105562444007,63269347030.03286,0.004806339967258874,555938594532.1151
5.1,0.010685859290538459,62961221581.88818,0.004234338703354897,554852226444.985
5.1125,0.01164312785781854,62655343389.09232,0.004639495626132365,553769010167.7542
5.125,0.010652976911652571,62351690637.98628,0.004358449928418864,552688934483.6306
5.1375,0.010843392458861477,62050241779.076385,0.004345174986353857,551611988203.0844
5.1499999999999995,0.013065834506403454,61750975523.20315,0.0045001209196084396,550538160164.2867
5.1625,0.011881848983003403,61453870837.77476,0.004189619313138612,549467439233.53326
5.175,0.012015727623865461,61158906943.06405,0.005424939384076261,548399814305.6551
5.1875,0.01031631553763502,60866063308.56771,0.0045684305535685765,547335274304.4127
5.2,0.011080881769093685,60575319649.42648,0.004132994712725898,546273808182.87836
5.2125,0.010645881155542115,60286655922.90522,0.0041497298750932665,545215404923.8038
5.2250000000000005,0.010410479446568477,60000052324.931694,0.004607602352643631,544160053539.9749
5.2375,0.011092494495839355,59715489286.693085,0.005061088362779995,543107743074.55444
5.249999999999999,0.01105641959317865,59432947471.28883,0.0046722997957815236,542058462601.4094
5.262499999999999,0.009680116495433799,59152407770.43902,0.004205955678911827,541012201225.4294
5.2749999999999995,0.01044809770510139,58873851301.24721,0.004502351324787768,539968948082.8305
5.2875,0.011753335163806411,58597259403.01646,0.004413178635209348,538928692341.4482
5.3,0.010548499966281044,58322613634.11796,0.004147617274978444,537891423201.01855
5.3125,0.01031461685662672,58049895768.91086,0.004465133546429326,536857129893.44885
5.325,0.011624913141330304,57779087794.71256,0.004535882636722463,535825801683.0757
5.3374999999999995,0.010394898348775036,57510171908.8186,0.004334625389719938,534797427866.914
5.35,0.00935662527480303,57243130515.5709,0.004958304722843843,533771997774.89404
5.3625,0.00895271010934518,56977946223.473854,0.004720750096959416,532749500770.0894
5.375,0.010222269879419717,56714601842.35711,0.004575214610965585,531729926248.934
5.3875,0.011228066442136671,56453080380.58422,0.0039239531292380465,530713263641.4302
5.4,0.009732439633391413,56193365042.30651,0.004138752955413073,529699502411.34625
5.4125000000000005,0.009750428987803476,55935439224.760925,0.005064434656854844,528688632056.40546
5.425,0.010824274914853202,55679286515.61154,0.00472081550372325,527680642108.4655
5.437499999999999,0.010013224334566629,55424890690.333565,0.004430705227541262,526675522133.6894
5.449999999999999,0.00988789313573066,55172235709.63923,0.005139327137260012,525673261732.7073
5.4624999999999995,0.010018360975643664,54921305716.94474,0.0043638362523756415,524673850540.7699
5.475,0.010304005475897455,54672085035.87753,0.0045721665766724155,523677278227.8942
5.4875,0.008877879448027341,54424558167.82324,0.0038780994931588075,522683534499.0004
5.5,0.00987951444126725,54178709789.511444,0.004319430421394494,521692609094.04126
5.5125,0.009305718600281445,53934524750.639534,0.0049764472810816685,520704491788.1235
5.5249999999999995,0.010055030445575288,53691988071.53432,0.004454463034399455,519719172391.62256
5.5375,0.009448348673680346,53451084940.85015,0.004783426588151203,518736640750.2887
5.55,0.009222568310438004,53211800713.30339,0.0037340238554741906,517756886745.3473
5.5625,0.010083851579202573,52974120907.44236,0.004579224703773389,516779900293.5915
5.575,0.009151009614776256,52738031203.4521,0.004921078881126638,515805671347.4682
5.5875,0.008940182336909167,52503517440.99348,0.004246124646743176,514834189895.15704
5.6000000000000005,0.009223730363765337,52270565617.07574,0.004465488334234619,513865445960.6437
5.6125,0.008391139304671835,52039161883.96241,0.004181273837364314,512899429603.7868
5.625,0.008819522229589469,51809292547.109406,0.004598165534573609,511936130920.3781
5.637499999999999,0.009390932180484016,51580944063.13509,0.004904801646654374,510975540042.19714
5.6499999999999995,0.008910646252097741,51354103037.82173,0.00411394199910291,510017647137.06
5.6625,0.008971938533290737,51128756224.14758,0.0050170758603886685,509062442408.8625
5.675,0.00930100105251339,50904890520.34939,0.004116600565157293,508109916097.6177
5.6875,0.008448419560570302,50682492968.01441,0.0036485034028213444,507160058479.48834
5.7,0.009574153204179906,50461550750.20176,0.003992265908522145,506212859866.8137
5.7124999999999995,0.009582579414561396,50242051189.59227,0.0038026963333365627,505268310608.1314
5.725,0.009570594574979113,50023981746.66673,0.003719901760899177,504326401088.19464
5.7375,0.009156217447532072,49807330017.9116,0.004734798114662236,503387121727.984
5.75,0.008532326876579996,49592083734.05209,0.0047541592819808276,502450462984.7151
5.7625,0.008599518848933231,49378230758.31188,0.004339054861716298,501516415351.8415
5.775,0.010539334614638272,49165759084.69913,0.004284815332051531,500584969359.0531
5.7875000000000005,0.00882521589805922,48954656836.31833,0.004704163265277476,499656115572.27014
5.8,0.008645436991886291,48744912263.70755,0.004017875137394866,498729844593.63293
5.8125,0.009200091282328871,48536513743.20053,0.00460114091412476,497806147061.4879
5.824999999999999,0.008839441414640785,48329449775.3134,0.0039124063988396785,496885013650.3694
5.8374999999999995,0.008908893799515512,48123708983.15541,0.00356576742293911,495966435070.9774
5.85,0.008704949958478531,47919280110.86342,0.004541649449823427,495050402070.15216
5.8625,0.0092952316460387,47716152022.0596,0.004149464136800748,494136905430.84424
5.875,0.00782422417245639,47514313698.33205,0.0050418680021937145,493225935972.0816
5.8875,0.008512757103761018,47313754237.73792,0.003939112244565488,492317484548.93335
5.8999999999999995,0.008201737212052364,47114462853.32872,0.004196720444822253,491411542052.4697
5.9125,0.008094856355019445,46916428871.69717,0.004067065935941399,490508099409.719
5.925,0.008051226548912925,46719641731.545685,0.004048037476438213,489607147583.6212
5.9375,0.008958849013495505,46524090982.2757,0.003926627476711595,488708677572.97925
5.95,0.008262663954294322,46329766282.59776,0.004369781635904809,487812680412.4059
5.9625,0.008759685011376315,46136657399.1619,0.004358106414659466,486919147172.26917
5.9750000000000005,0.00903967343849819,45944754205.207985,0.004194736858454784,486028068958.6341
5.9875,0.008181777710204742,45754046679.23579,0.00402189069028466,485139436913.20215
6.0,0.007868682847390913,45564524903.6943,0.004125725254704869,484253242213.2479
6.012499999999999,0.008343985619781849,45376179063.690056,0.004690423802945259,483369476071.55304
6.0249999999999995,0.006774431245950836,45188999445.71429,0.003351253040869098,482488129736.3385
6.0375,0.008938418320441658,45002976436.38817,0.0034620525287250713,481609194491.1925
6.05,0.008698429388658937,44818100521.22655,0.0043473332438453164,480732661654.9989
6.0625,0.0075764693971627235,44634362283.419075,0.004593967212208045,479858522581.86096
6.075,0.00794810693567611,44451752402.62903,0.0037018344606803352,478986768661.0243
6.0874999999999995,0.007177612132723513,44270261653.809326,0.004700692480674022,478117391316.79694
6.1,0.007733514069054483,44089880906.03544,0.004250895467613118,477250382008.46796
6.1125,0.007113318107111412,43910601121.35489,0.004381452004478145,476385732230.2236
6.125,0.007361338973260021,43732413353.65327,0.00393568800468486,475523433511.062
6.1375,0.008381894159246003,43555308747.536224,0.004023702258322027,474663477414.7059
6.15,0.0071589570015355595,43379278537.22737,0.004466423929508839,473805855539.51306
6.1625000000000005,0.0075382275721841314,43204314045.48181,0.004489431135535705,472950559518.3858
6.175,0.00763919426850972,43030406682.5149,0.004870102324158281,472097581018.6785
6.1875,0.006321359154920802,42857547944.94623,0.004126539653985935,471246911742.1034
6.199999999999999,0.00734877357181365,42685729414.758415,0.00417804570487608,470398543424.6346
6.2124999999999995,0.00793372430606186,42514942758.2704,0.003709341226935288,469552467836.41174
6.225,0.0071781260129232475,42345179725.12531,0.004154836669264112,468708676781.6408
6.2375,0.007707953220337402,42176432147.29237,0.0037462904478290427,467867162098.4943
6.25,0.007382072557592535,42008691938.08268,0.0042799235607935025,467027915659.0102
6.262499999999999,0.007370877927213429,41841951091.17881,0.004024368829350799,466190929368.9888
6.2749999999999995,0.006740962695907554,41676201679.67787,0.0036002790123684735,465356195167.89
6.2875,0.007585046123583251,41511435855.1477,0.004431990452262176,464523705028.7275
6.3,0.007987181974440507,41347645846.696365,0.00423737052642024,463693450957.96295
6.3125,0.008256119194396746,41184823960.054276,0.0034078363202788226,462865424995.3988
6.325,0.007889276217876228,41022962576.66909,0.0039695613534506515,462039619214.07043
6.3375,0.007773078284944492,40862054152.81304,0.003768115273442666,461216025720.1362
6.3500000000000005,0.007416887454904031,40702091218.702545,0.003554081466392923,460394636652.7684
6.3625,0.007207890559578787,40543066377.629776,0.004139486721101718,459575444184.0407
6.375,0.007584478957736562,40384972305.10627,0.0039177469214900125,458758440518.81775
6.387499999999999,0.006945636826535363,40227801748.01807,0.0040565514211591235,457943617894.6417
6.3999999999999995,0.006225918155269927,40071547523.79253,0.0035174560369412213,457130968581.6184
6.4125,0.006651102166730257,39916202519.57627,0.004379976409741009,456320484882.3033
6.425,0.0071562850605915345,39761759691.424515,0.00452332949768286,455512159131.5869
6.4375,0.00741751102134979,39608212063.501144,0.0035669613388487217,454705983696.57837
6.449999999999999,0.006982783093665705,39455552727.28984,0.0036028007753103703,453901950976.4892
6.4624999999999995,0.006613341455518324,39303774840.815605,0.004065481210210449,453100053402.51697
6.475,0.00648943450222092,39152871627.87702,0.003771074526274914,452300283437.72687
6.4875,0.006464507971095594,39002836377.288605,0.003729739059143572,451502633576.9342
6.5,0.006914553006563078,38853662442.13347,0.0040730665488267126,450707096346.58563
6.5125,0.0065363202482799304,38705343239.02594,0.004254564296056731,449913664304.6397
6.525,0.006427432645416794,38557872247.384056,0.0038761857892380285,449122330040.448
6.5375000000000005,0.00704751034475761,38411243008.711716,0.00376553499849305,448333086174.63434
6.55,0.006518064803013002,38265449125.89043,0.003543652855139391,447545925358.9749
6.5625,0.006845657585698445,38120484262.48045,0.004560071537847092,446760840276.27747
6.575,0.006165078607961715,37976342142.03125,0.0036220500532037833,445977823640.2599
6.5874999999999995,0.00670016770756422,37833016547.40101,0.00391605103720555,445196868195.4292
6.6,0.006502104727336745,37690501320.08513,0.003742742569773662,444417966716.95953
6.6125,0.007047633982932235,37548790359.55371,0.00405765975177008,443641112010.5703
6.625,0.00592092463852591,37407877622.59758,0.0037102418565573667,442866296912.4037
6.637499999999999,0.00739155506803151,37267757122.68307,0.004249774660681879,442093514288.9029
6.6499999999999995,0.00648887544264855,37128422929.315094,0.003845007466933269,441322757036.6884
6.6625,0.006446408417440381,36989869167.40872,0.0040893003733365055,440554018082.4363
6.675,0.0059789735782287854,36852090016.66885,0.004081320079990445,439787290382.7544
6.6875,0.006888776180244383,36715079710.97803,0.002865099084515339,439022566924.05975
6.7,0.005666291852151953,36578832537.792175,0.004107295103322172,438259840722.455
6.7125,0.005796318895094867,36443342837.54424,0.0034775655629989176,437499104823.6053
6.725,0.0062108911336507715,36308605003.05556,0.0034676691334531856,436740352302.6151
6.7375,0.006809076812718805,36174613478.95476,0.0030316617983125044,435983576263.904
6.75,0.0061897477942673106,36041362761.104324,0.0037624971937657956,435228769841.0844
6.7625,0.0056274049584361,35908847396.03437,0.0038215887839813953,434475926196.837
6.7749999999999995,0.00667928898276597,35777061980.38389,0.0036279525879638536,433725038522.7878
6.7875,0.006571167399028273,35646001160.34899,0.0037664891626671936,432976100039.3844
6.8,0.005552744560563448,35515659631.13842,0.003923182960582197,432229103995.7732
6.8125,0.0066525885126125645,35386032136.43586,0.0038031048768704017,431484043669.67505
6.824999999999999,0.005589843143418066,35257113467.8692,0.0035332161805264085,430740912367.2626
6.8374999999999995,0.006158772267460986,35128898464.48656,0.003967420010988847,429999703423.0369
6.85,0.006258540211049388,35001382012.23904,0.003830555239430433,429260410199.70447
6.8625,0.006395231147331542,34874559043.46985,0.003937305370746024,428523026088.0534
6.875,0.006185128700953703,34748424536.41019,0.0036891158554094865,427787544506.8319
6.8875,0.006189179195066623,34622973514.68132,0.0036106916236677074,427053958902.62415
6.9,0.006749827249193777,34498201046.80294,0.003528138952006337,426322262749.7285
6.9125,0.006403570477708195,34374102245.70789,0.0034475026720524587,425592449550.0346
6.925,0.0050130523411928436,34250672268.26284,0.0036207730410528203,424864512832.9016
6.9375,0.005706014647440066,34127906314.79503,0.003301655318326385,424138446155.0354
6.95,0.0060569831084948235,34005799628.625034,0.0034302632100471297,423414243100.3672
6.9624999999999995,0.0064259919919034715,33884347495.605225,0.0036351558555309713,422691897279.9316
6.975,0.005628912806609645,33763545243.66417,0.0032358690582632915,421971402331.7454
6.9875,0.006325879977983278,33643388242.356575,0.0034033502964906444,421252751920.68585
7.0,0.005778015069672662,33523871902.41895,0.0032147269303970886,420535939738.37054
7.012499999999999,0.005967530889130543,33404991675.3307,0.003659730286637241,419820959503.03534
7.0249999999999995,0.006287291462230287,33286743052.880737,0.003466244606658864,419107804959.41504
7.0375,0.006405250987933626,33169121566.73946,0.003721186522800899,418396469878.62256
7.05,0.006667658930988615,33052122788.03595,0.003297537629553002,417686948058.0293
7.0625,0.005951296659240859,32935742326.94049,0.003169491485190835,416979233321.14496
7.075,0.0055632206190707155,32819975832.252163,0.003979052750552653,416273319517.49915
7.0875,0.0057409492671166035,32704818990.991566,0.003932659734963947,415569200522.5209
7.1,0.00655168094758779,32590267527.998474,0.0033230044057458337,414866870237.4213
7.1125,0.006011329033459001,32476317205.53448,0.0031247169989847175,414166322589.0741
7.125,0.006076267975954777,32362963822.89053,0.003251700120192218,413467551529.89813
7.1375,0.006882023335765949,32250203215.99914,0.003936800748256728,412770551037.7391
7.1499999999999995,0.005268641916805405,32138031257.05147,0.004281740504403478,412075315115.75214
7.1625,0.005847134843786219,32026443854.11897,0.0030704937188409703,411381837792.2855
7.175,0.00538622450869042,31915436950.77969,0.0036201741341064073,410690113120.7625
7.1875,0.006381536004755245,31805006525.749077,0.0026710468718485485,410000135179.56635
7.199999999999999,0.006537992051424148,31695148592.515255,0.002203788644170093,409311898071.923
7.2124999999999995,0.005478220819892712,31585859198.978718,0.0030813631085784706,408625395925.7863
7.225,0.00616128803553628,31477134427.096424,0.003091943471817048,407940622893.7224
7.2375,0.005321873526567681,31368970392.530045,0.004145496611505304,407257573152.79474
7.25,0.0047359226512188185,31261363244.298615,0.003888544231130969,406576240904.4493
7.2625,0.006052854668575791,31154309164.435207,0.0029217716511204953,405896620374.40125
7.275,0.004895340638506602,31047804367.64782,0.0031270997180023936,405218705812.52014
7.2875,0.005002621168256131,30941845100.98426,0.0035114204742498272,404542491492.7173
7.3,0.005938704379930714,30836427643.5011,0.0036615714203249434,403867971712.83234
7.3125,0.005070568185432375,30731548305.936474,0.0028230411930841633,403195140794.5208
7.325,0.005130801478781499,30627203430.386913,0.0032453058763332655,402523993083.1424
7.3374999999999995,0.005140758933160391,30523389389.98788,0.003476597025010662,401854522947.64825
7.35,0.005039190966933667,30420102588.5982,0.0031234443284906157,401186724780.4707
7.3625,0.005222153963134046,30317339460.488167,0.0037628875288836777,400520592997.41144
7.374999999999999,0.004694987664261946,30215096470.031357,0.003012218351454812,399856122037.53156
7.387499999999999,0.006487647124261385,30113370111.400135,0.0030433697958954296,399193306363.0414
7.3999999999999995,0.004797196961017571,30012156908.2646,0.0032979712538112617,398532140459.1905
7.4125,0.005762528044403951,29911453413.495255,0.00336254980713121,397872618834.1591
7.425,0.004911163637076527,29811256208.869064,0.003248055481826216,397214736018.94855
7.4375,0.005067493357784484,29711561904.77897,0.003060361981551584,396558486567.2737
7.45,0.005500441991995791,29612367139.946815,0.0030541531949546652,395903865055.45416
7.4624999999999995,0.005457742921887947,29513668581.139626,0.003191301756747942,395250866082.30756
7.4750000000000005,0.005160313373514699,29415462922.88919,0.003194681419384045,394599484269.04205
7.4875,0.004819864908451655,29317746887.21499,0.003487435114680196,393949714259.14996
7.500000000000001,0.005198565949638557,29220517223.35016,0.00352969249254888,393301550718.3014
7.5125,0.00569019433665693,29123770707.47083,0.0036156129605760348,392654988334.2387
7.5249999999999995,0.005287306159133106,29027504142.428528,0.0032112607845524266,392010021816.67126
7.5375,0.005875802114680767,28931714357.48562,0.003385729277092883,391366645897.17035
7.549999999999999,0.004177228617808828,28836398208.053913,0.003612874106228762,390724855329.06506
7.5625,0.0048821758606924165,28741552575.436188,0.003052760921596542,390084644887.3384
7.574999999999999,0.0048070796908411305,28647174366.570763,0.0036432780278189553,389446009368.5235
7.5875,0.0058487683590135835,28553260513.77895,0.003652685598468288,388808943590.6009
7.6,0.0052633523531592065,28459807974.51544,0.003370505654891796,388173442392.89606
7.612499999999999,0.006057708810824445,28366813731.121563,0.0036166343194101963,387539500635.9768
7.625,0.003837004803756694,28274274790.5813,0.002575142049790774,386907113201.5522
7.637499999999999,0.004284031644576135,28182188184.28015,0.0034393754813747774,386276274992.37085
7.65,0.006079284899004713,28090550967.766754,0.0038428736827569843,385646980932.1207
7.6625,0.0046319160684684235,27999360220.517136,0.0032403952905702763,385019225965.32837
7.675000000000001,0.005074594489467715,27908613045.70175,0.0032035323000179612,384393005057.2593
7.6875,0.005555057811757091,27818306569.95508,0.003085116494346895,383768313193.81854
7.699999999999999,0.004970211944093618,27728437943.14788,0.0034797371306781615,383145145381.4521
7.7125,0.005067423475337845,27639004338.161995,0.003387570410780779,382523496647.0476
7.725,0.004904479112285978,27550002950.667725,0.0030740965700842625,381903362037.83746
7.7375,0.004549360709021036,27461430998.903664,0.0027447809163129817,381284736621.3003
7.749999999999999,0.004996582917118063,27373285723.45908,0.002836967178946006,380667615485.0646
7.7625,0.005185653823746624,27285564387.05869,0.0034346416141016606,380051993736.81177
7.7749999999999995,0.004471049364307958,27198264274.34985,0.0031761007519623473,379437866504.1798
7.7875000000000005,0.004906930373487553,27111382691.69217,0.0035622845905030416,378825228934.66785
7.8,0.00545366106960643,27024916966.949425,0.0029518426054261884,378214076195.54095
7.812499999999999,0.004616907469179617,26938864449.28386,0.0033102938638338887,377604403473.7351
7.825,0.004539595381522912,26853222508.952686,0.0029831326454969054,376996205975.76294
7.8374999999999995,0.004674426098259215,26767988537.106968,0.0033511347782667522,376389478927.6199
7.8500000000000005,0.004822189843692601,26683159945.59262,0.0032764976375702273,375784217574.69055
7.8625,0.0045858259071855124,26598734166.753723,0.0033819126203969868,375180417181.6562
7.875000000000001,0.0050036158935103815,26514708653.237934,0.003352398855899414,374578073032.4014
7.8875,0.004306156356111888,26431080877.80406,0.002955059885753655,373977180429.92303
7.8999999999999995,0.004370708922214846,26347848333.131844,0.0033941689264063183,373377734696.2376
7.9125,0.004138976041684614,26265008531.63371,0.002936030358002206,372779731172.29095
7.924999999999999,0.004519596027018889,26182559005.268696,0.0032796844398125463,372183165217.8668
7.9375,0.004701423738158421,26100497305.35836,0.0033069533540125984,371588032211.49713
7.949999999999999,0.004689891621236824,26018821002.404736,0.0034815972426072888,370994327550.3716
7.9625,0.004665306438984993,25937527685.9103,0.002664034437116219,370402046650.2487
7.975,0.005111739697593195,25856614964.19986,0.0026428466168811294,369811184945.3669
7.987499999999999,0.004531798712647249,25776080464.244427,0.0028136715696741245,369221737888.35565
8.0,0.004848454884525111,25695921831.486984,0.003938482910371361,368633700950.148
8.0125,0.003912390272121186,25616136729.670193,0.0030495839580651596,368047069619.89246
8.025,0.004891440660432314,25536722840.665913,0.002971877365293386,367461839404.86566
8.0375,0.0043698461427783926,25457677864.306606,0.0030447674448263865,366878005830.3863
8.05,0.004632414001532175,25378999518.218586,0.002729276072162266,366295564439.7284
8.0625,0.00463599501244753,25300685537.65701,0.002517391527664264,365714510794.0359
8.075,0.004671851198882798,25222733675.342735,0.0031954501262963625,365134840472.2363
8.0875,0.004255486206793982,25145141701.300854,0.002885991838489317,364556549070.9569
8.1,0.0042389401936810565,25067907402.701027,0.0029417069628907724,363979632204.4392
8.1125,0.0038436721514069055,24991028583.699516,0.003362225128343436,363404085504.4555
8.125,0.004404153048459255,24914503065.282875,0.002946297702071511,362829904620.22485
8.137500000000001,0.004106641971225406,24838328685.113396,0.0029290152354835798,362257085218.3299
8.15,0.0044527374755267525,24762503297.376133,0.003236231909428057,361685622982.6342
8.1625,0.0048156531471541045,24687024772.62758,0.002517273236012373,361115513614.1996
8.175,0.004092797058667282,24611890997.646015,0.0031777708048433754,360546752831.2043
8.1875,0.003985285727226777,24537099875.28336,0.003524088457893186,359979336368.8613
8.2,0.0037665294794629878,24462649324.318676,0.0031469409572481787,359413259979.3377
8.212499999999999,0.003672967634684775,24388537279.31318,0.003325114318074205,358848519431.67316
8.225,0.004125601616530462,24314761690.466812,0.002957597156120276,358285110511.7003
8.237499999999999,0.004268841921099284,24241320523.47635,0.0027403793567571835,357723029021.9648
8.25,0.004468047106893152,24168211759.394928,0.003380514971466162,357162270781.64514
8.2625,0.003924539066674486,24095433394.493195,0.003277051321569607,356602831626.4749
8.274999999999999,0.004410189816726378,24022983440.121777,0.0028373778457716535,356044707408.6628
8.2875,0.004165062504165883,23950859922.57529,0.0031356831728014596,355487893996.81537
8.299999999999999,0.004226382855594258,23879060882.957745,0.0037421512567643476,354932387275.85895
8.3125,0.004006215519967142,23807584377.04936,0.002889158050875258,354378183146.9616
8.325,0.0043122038755244296,23736428475.174786,0.003118262276300567,353825277527.45746
8.3375,0.004215981683397988,23665591262.072712,0.003810066568492907,353273666350.76874
8.35,0.003840309216296357,23595070836.76681,0.002901949226379351,352723345566.3306
8.362499999999999,0.003634626606553679,23524865312.438034,0.002897199137315147,352174311139.51465
8.375,0.004368515688507766,23454972816.298283,0.002593649374513388,351626559051.55396
8.3875,0.003413203829730878,23385391489.46532,0.003577992014257028,351080085299.46783
8.4,0.003915529606643142,23316119486.83904,0.0028750471722461153,350534885895.98724
8.4125,0.0039069554967045604,23247154976.97897,0.0029008446709496657,349990956869.4811
8.425,0.004130955687050367,23178496141.983128,0.0030655709116055563,349448294263.8815
8.4375,0.004646284974592874,23110141177.368008,0.003244779070197694,348906894138.61096
8.45,0.004126252060840402,23042088291.9499,0.0027649957578696734,348366752568.5095
8.4625,0.00424603851675654,22974335707.727432,0.003042299978999224,347827865643.7616
8.475,0.0038692029201563504,22906881659.765236,0.002762090260764964,347290229469.824
8.4875,0.00428736335356414,22839724396.078896,0.002640610378591651,346753840167.3537
8.5,0.004395592448757734,22772862177.521065,0.0027728548453191774,346218693872.137
8.512500000000001,0.003720729599111951,22706293277.6687,0.002683270924421145,345684786735.01794
8.525,0.004725257514761492,22640015982.7115,0.0026674076090553943,345152114921.8275
8.5375,0.003748858703995847,22574028591.34145,0.0033336146792734916,344620674613.3135
8.55,0.0031371520391589173,22508329414.64354,0.0021696564446054985,344090462005.07025
8.5625,0.004346174807904735,22442916775.987537,0.002988479821920757,343561473307.4694
8.575,0.003709258126732979,22377789010.920868,0.0033220287392806873,343033704745.59033
8.587499999999999,0.004083110585448201,22312944467.062687,0.003020246651267539,342507152559.1511
8.6,0.004095358643895033,22248381503.998844,0.0031888892396799372,341981813002.4406
8.612499999999999,0.004236359918731712,22184098493.178085,0.0029532644444347144,341457682344.2498
8.625,0.00418153713941703,22120093817.80918,0.003170580038685372,340934756867.80414
8.6375,0.0038768738625577885,22056365872.759186,0.0032113241928075488,340413032870.696
8.649999999999999,0.004096474853661329,21992913064.45265,0.001991891618069998,339892506664.8178
8.6625,0.0042878874719134204,21929733810.77188,0.002714847039113866,339373174576.2954
8.674999999999999,0.004136610789647993,21866826540.95823,0.002513349067860373,338855032945.4213
8.6875,0.003314156212898689,21804189695.514305,0.002948227532710667,338338078126.589
8.7,0.003984745482159499,21741821726.10724,0.0023442550495121894,337822306488.22705
8.7125,0.00417224334512317,21679721095.472862,0.0025097348316530767,337307714412.7343
8.725,0.0038901703419062326,21617886277.320896,0.003000123312629643,336794298296.4142
8.737499999999999,0.0030097832169713153,21556315756.241013,0.0030267162713267055,336282054549.41077
8.75,0.0038696464049132484,21495008027.60992,0.002354151479057592,335770979595.6442
8.7625,0.004312101739640998,21433961597.499302,0.0025767055690126195,335261069872.7465
8.775,0.003637796285134108,21373174982.584732,0.003067832156674141,334752321831.9987
8.7875,0.004094619502633581,21312646710.055416,0.002704241033957447,334244731938.2669
8.8,0.0032776802635887206,21252375317.524906,0.0031735554182362184,333738296669.93976
8.8125,0.00360725394485472,21192359352.942665,0.0026175841124551394,333233012518.8658
8.825,0.004177225036734685,21132597374.506493,0.0032308783796346037,332728875990.29126
8.8375,0.0038141301767059778,21073087950.575832,0.002494346417972766,332225883602.798
8.85,0.003889939192275257,21013829659.585945,0.002971858550788561,331724031888.2423
8.8625,0.0038214947114572594,20954821089.96289,0.0029732293218554737,331223317391.6929
8.875,0.0035021453333654324,20896060840.039394,0.002464620008702271,330723736671.3712
8.887500000000001,0.003547373071075251,20837547517.971485,0.002373556944344594,330225286298.5894
8.9,0.003146036380785718,20779279741.65599,0.003022219971096242,329727962857.69135
8.9125,0.004074106316785672,20721256138.648838,0.0030353978214161825,329231762945.99176
8.925,0.0035611987247951274,20663475346.084106,0.0026604139888279942,328736683173.71716
8.9375,0.0038945138047377214,20605936010.593964,0.002964217174037496,328242720163.9461
8.95,0.003204657959621493,20548636788.229267,0.0029857646347508514,327749870552.5508
8.962499999999999,0.0036784614700977663,20491576344.381035,0.0027639690234624713,327258130988.1376
8.975,0.0038338746556413525,20434753353.70263,0.0024607652146214063,326767498131.98944
8.987499999999999,0.0036404454191771916,20378166500.03269,0.0027942227472436,326277968658.0072
8.999999999999998,0.0032414654824757462,20321814476.318855,0.0028615476465129494,325789539252.65247
9.0125,0.0036020772682375623,20265695984.542206,0.002520982381252126,325302206614.8895
9.024999999999999,0.003803190886035149,20209809735.642403,0.0030600717006197815,324815967456.12854
9.0375,0.004603877080685507,20154154449.44358,0.003771604020196885,324330818500.16895
9.049999999999999,0.0036948462160261934,20098728854.580975,0.002404063672609237,323846756483.1425
9.0625,0.00406949945088661,20043531688.428215,0.0027424989856542886,323363778153.4573
9.075,0.003934853507416748,19988561697.02535,0.002650448128431721,322881880271.74164
9.0875,0.003700947491167077,19933817635.007515,0.0029866951317474907,322401059610.7888
9.1,0.003248289319243499,19879298265.534344,0.0027826303244763186,321921312955.5012
9.112499999999999,0.002965714271065265,19825002360.22001,0.002727092593977826,321442637102.8359
9.125,0.0037102418565573667,19770928699.06398,0.002594307985838391,320965028861.7491
9.1375,0.0035865284238812767,19717076070.38238,0.0026165735047666556,320488485053.14264
9.15,0.004024874133194821,19663443270.740047,0.0031110267552968054,320013002509.8088
9.1625,0.003172595878489489,19610029104.88323,0.0031047561496126046,319538578076.3775
9.175,0.0035358260211262394,19556832385.6729,0.0030780959962556963,319065208609.2618
9.1875,0.0036807146471855958,19503851934.018734,0.003048418883536236,318592890976.605
9.2,0.004201346125226173,19451086578.813683,0.0027331965569048376,318121622058.2277
9.2125,0.0033161908672077627,19398535156.86922,0.0024200560017225295,317651398745.5747
9.225,0.003630178075108027,19346196512.851124,0.0026267198984476934,317182217941.66284
9.2375,0.003937983374275153,19294069499.21592,0.0025715127656770207,316714076561.0288
9.25,0.0036595296877164865,19242152976.14792,0.0027662260826882136,316246971529.67694
9.262500000000001,0.00316149532063445,19190445811.496838,0.002282360704164598,315780899785.02783
9.275,0.004026535185193513,19138946880.71598,0.0029443517447138184,315315858275.8668
9.2875,0.0034186896017846294,19087655066.80106,0.0023372990582946175,314851843962.29315
9.3,0.0037132125900869867,19036569260.22956,0.0026437619616552456,314388853815.66895
9.3125,0.003590659750315233,18985688358.90063,0.002633787824646201,313926884818.56836
9.325000000000001,0.0037365176564584583,18935011268.07562,0.0029396024261351757,313465933964.72797
9.3375,0.0033035636466743606,18884536900.319096,0.0029325416112476713,313005998258.99615
9.35,0.0033075630728459505,18834264175.44048,0.0022121019675224738,312547074717.2837
9.362499999999999,0.0030721766864332907,18784192020.436146,0.002798560030344989,312089160366.51385
9.374999999999998,0.0036928465029405144,18734319369.43214,0.0028675885649704935,311632252244.57385
9.3875,0.00335631414267022,18684645163.627365,0.0024912366491016413,311176347400.26495
9.399999999999999,0.003097297542336802,18635168351.237343,0.0024942120286525907,310721442893.2545
9.4125,0.004046165951815471,18585887887.438477,0.002354447465675948,310267535794.0271
9.424999999999999,0.003710938164235351,18536802734.312813,0.0027866233272938914,309814623183.8367
9.4375,0.0030559486362738276,18487911860.79335,0.002621709864587799,309362702154.6579
9.45,0.0031652367193109915,18439214242.609833,0.0025947406157941005,308911769809.13916
9.462499999999999,0.003301886467957116,18390708862.23501,0.0022925957947969615,308461823260.5549
9.475,0.0032525172072595523,18342394708.83148,0.0025223128355229114,308012859632.7581
9.487499999999999,0.003379700031458891,18294270778.198933,0.0022757566327238294,307564876060.13385
9.5,0.003917287418952156,18246336072.721916,0.002370412586811439,307117869687.5522
9.5125,0.0027301620460529197,18198589601.318085,0.0023784920727465213,306671837670.3216
9.525,0.003025823926239856,18151030379.386932,0.002526191311306139,306226777174.1431
9.5375,0.0032556658575921,18103657428.758915,0.0025523413338950913,305782685375.06433
9.55,0.0032130551272527507,18056469777.645184,0.002891985602173849,305339559459.4332
9.5625,0.0032159041808426285,18009466460.587627,0.0028785332312139013,304897396623.8531
9.575,0.0030910484389441197,17962646518.40947,0.0026814432296653535,304456194075.13696
9.5875,0.002759529162125097,17916008998.166264,0.002561350318562755,304015949030.2628
9.6,0.0029341112785085423,17869552953.097385,0.0027293288322671684,303576658716.32855
9.6125,0.0035456927919289565,17823277442.577873,0.0024404992655096443,303138320370.50757
9.625,0.0026004225962555374,17777181532.070812,0.0024551746188977482,302700931240.0043
9.637500000000001,0.0034989361527095805,17731264293.080074,0.0025283361648577706,302264488582.01044
9.65,0.0036463585492695037,17685524803.10355,0.0030636195786749266,301828989663.6604
9.6625,0.0031740634369361656,17639962145.58669,0.002654440471682038,301394431761.9884
9.675,0.0034416863022707776,17594575409.876625,0.0027843746978535406,300960812163.8846
9.6875,0.0035189144690623386,17549363691.176567,0.0019874137751616093,300528128166.052
9.700000000000001,0.002571996567230033,17504326090.50065,0.00250738218203988,300096377074.96344
9.7125,0.002860391614460707,17459461714.62925,0.0022630725415086505,299665556206.8188
9.725,0.003281719593913922,17414769676.06461,0.0020106623524625915,299235662887.5028
9.737499999999999,0.0027900324882373932,17370249092.9869,0.0023628491558659362,298806694452.54236
9.749999999999998,0.0029407823643673174,17325899089.210697,0.002644695813928281,298378648247.0642
9.7625,0.00267913173335635,17281718794.141808,0.0026476846324111564,297951521625.7538
9.774999999999999,0.002857466361367025,17237707342.734512,0.002892837630464374,297525311952.8131
9.7875,0.0032872712362112906,17193863875.44917,0.00281602686812059,297100016601.91925
9.799999999999999,0.002665687425755833,17150187538.210205,0.002721996550952781,296675632956.1832
9.8125,0.003243104579267133,17106677482.364475,0.00211133147960449,296252158408.109
9.825,0.0028825057795212033,17063332864.63999,0.002252690230033119,295829590359.5528
9.837499999999999,0.0034357460784200673,17020152847.105036,0.0025790456743022537,295407926221.6822
9.85,0.0028395011970320408,16977136597.127607,0.002585075335879575,294987163414.936
9.862499999999999,0.003010753507863631,16934283287.335243,0.002080456877163406,294567299368.98376
9.875,0.0034645781790870562,16891592095.575191,0.0023600054778489727,294148331522.6864
9.8875,0.002679284937181699,16849062204.874935,0.002812773849014988,293730257324.0555
9.9,0.0031720013983686556,16806692803.403093,0.0024633403081049314,293313074230.21454
9.9125,0.0027276140245404354,16764483084.430573,0.002257950228028938,292896779707.3593
9.924999999999999,0.0029915062694132535,16722432246.292202,0.002204172997626173,292481371230.7185
9.9375,0.002476655407850761,16680539492.34858,0.0015822676035292243,292066846284.515
9.95,0.0023320336847260205,16638804030.948318,0.002987571350115585,291653202361.9272
9.9625,0.00338541298055439,16597225075.39062,0.001778340236659345,291240436965.04987
9.975,0.002823960416034864,16555801843.888126,0.0025686744632328344,290828547604.85645
9.9875,0.003122471349811689,16514533559.53018,0.002250338416928477,290417531801.1605
10.0,0.002921236781625827,16473419450.246325,0.002483450131884545,290007387082.578
10.012500000000001,0.0028216516075127056,16432458748.770163,0.002355992612745425,289598110986.4891
10.025,0.003623111989623757,16391650692.603529,0.0028773100091231125,289189701059.0009
10.0375,0.0027162339368990897,16350994523.980968,0.0025653416080898698,288782154854.91003
10.05,0.00271926575996477,16310489489.834513,0.0022938563666209362,288375469937.6652
10.0625,0.0027756232653169876,16270134841.75878,0.0028027161522852294,287969643879.3303
10.075000000000001,0.003196213548746986,16229929835.976364,0.002177803079645066,287564674260.54767
10.0875,0.002945262904305206,16189873733.30354,0.0025974364655590035,287160558670.5011
10.1,0.002655237312210914,16149965799.11623,0.0024625499047947128,286757294706.88
10.112499999999999,0.004093090152168474,16110205303.3163,0.0024147556869307347,286354879975.8421
10.124999999999998,0.002590708155796491,16070591520.298151,0.002307413091828987,285953312091.9787
10.1375,0.0031952215119390257,16031123728.915545,0.0024565170305499216,285552588678.27734
10.149999999999999,0.0032014640850212247,15991801212.448772,0.0024769142751555557,285152707366.0871
10.1625,0.002761399499658689,15952623258.572083,0.0019170314003449514,284753665795.0826
10.174999999999999,0.003171988438761812,15913589159.321383,0.0021661246932686653,284355461613.2286
10.1875,0.002413331160135856,15874698211.062225,0.0022885103594603305,283958092476.7447
10.2,0.003333800182091198,15835949714.458063,0.0026662185563818865,283561556050.071
10.212499999999999,0.002599245345810004,15797342974.438782,0.0020685419200275586,283165850005.8321
10.225,0.0031020710509934405,15758877300.169506,0.002651221759320991,282770972024.80365
10.237499999999999,0.0032834079364186626,15720552005.019636,0.0024638749834928688,282376919795.8769
10.25,0.002885458690868173,15682366406.532215,0.002395086024982572,281983691016.02484
10.2625,0.0022680509293410644,15644319826.393482,0.0018719249688865089,281591283390.268
10.275,0.0025271508510528776,15606411590.40273,0.0026563527435692082,281199694631.64014
10.2875,0.002967450581083429,15568641028.442421,0.002566244704322142,280808922461.1551
10.299999999999999,0.0023161193014185353,15531007474.448515,0.0022126126469396656,280418964607.7724
10.3125,0.002847569931821617,15493510266.381104,0.002240775272897299,280029818808.3643
10.325,0.0026321505606466413,15456148746.195246,0.002605413958880083,279641482807.68207
10.3375,0.0027341292187877514,15418922259.812078,0.0022584716585916658,279253954358.32336
10.35,0.0024293073625306933,15381830157.090155,0.0022044202739754507,278867231220.69885
10.3625,0.0029622524021749963,15344871791.797022,0.002394134989627018,278481311162.9992
10.375,0.0029855199861071264,15308046521.581078,0.0022436565799240716,278096191961.16315
10.387500000000001,0.0026826258556836313,15271353707.943588,0.002194523844430005,277711871398.8443
10.4,0.0028574529224349838,15234792716.211016,0.0023489640512948107,277328347267.379
10.4125,0.003075461965578009,15198362915.507534,0.0026400943236018987,276945617365.75464
10.425,0.0032279105227163746,15162063678.727781,0.0021746073471646094,276563679500.57666
10.4375,0.0026348820224259915,15125894382.50986,0.0022119355980996756,276182531486.0379
10.450000000000001,0.003074397602161806,15089854407.208538,0.002385034144857958,275802171143.8856
10.4625,0.0024926665514692662,15053943136.868683,0.0025937273203191663,275422596303.3912
10.475,0.001205848493000602,15018159959.198921,0.0012833319995006463,275043804801.3178
10.487499999999999,0.0023441206601919388,14982504265.54551,0.0024393489325417236,274665794481.88962
10.499999999999998,0.0028199546886516023,14946975450.86643,0.002217998045257339,274288563196.76077
10.5125,0.002770962643689679,14911572913.705704,0.0020657143687288866,273912108804.98422
10.524999999999999,0.002691390727152411,14876296056.16789,0.0023741512977015094,273536429172.98114
10.5375,0.0028317872500480167,14841144283.892847,0.002454422038704231,273161522174.51025
10.549999999999999,0.002521486031886512,14806117006.030645,0.0022708287100452655,272787385690.6373
10.5625,0.0026333130385005786,14771213635.216732,0.0022465808915333577,272414017609.7049
10.575,0.002498297463988962,14736433587.547272,0.002298917468422849,272041415827.30206
10.587499999999999,0.002797391647415779,14701776282.554714,0.002144891180664544,271669578246.23456
10.6,0.002945426859276041,14667241143.183537,0.002498179201387119,271298502776.49472
10.612499999999999,0.0024069151901684135,14632827595.766222,0.0018259687572121748,270928187335.23196
10.625,0.0033235715286774547,14598535069.999374,0.0020504074251490923,270558629846.72302
10.6375,0.0026257146663320094,14564362998.92011,0.0018595611514207189,270189828242.3426
10.65,0.002149745322913024,14530310818.88259,0.0023537886278928158,269821780460.53406
10.6625,0.0021198033823548205,14496377969.534718,0.002678755443259772,269454484446.7802
10.674999999999999,0.0027296605200308045,14462563893.795122,0.002549803440273421,269087938153.57443
10.6875,0.0023603871435185194,14428868037.830229,0.002421211749876854,268722139540.3916
10.7,0.003013900905744669,14395289851.031572,0.002178886303122345,268357086573.65976
10.7125,0.0034146337320986172,14361828785.993288,0.002347286872577703,267992777226.731
10.725,0.0029321543204392517,14328484298.489777,0.0022211139549051465,267629209479.85336
10.7375,0.0027566605895674753,14295255847.453547,0.0027566605895674753,267266381320.14246
10.75,0.002374175487779159,14262142894.953249,0.001885818136816841,266904290741.55325
10.7625,0.002179579752015001,14229144906.171894,0.0025291532519250456,266542935744.85205
10.775,0.00321730989313273,14196261349.385225,0.002441440030365266,266182314337.58865
10.7875,0.0025726686788883225,14163491695.940271,0.0024078265735770522,265822424534.06845
10.8,0.0024813859119250433,14130835420.234097,0.002884446361306188,265463264355.32495
10.8125,0.002079795681707736,14098291999.692694,0.0026083757562295916,265104831829.09222
10.825000000000001,0.00281549926443019,14065860914.750055,0.001782609826628878,264747124989.77734
10.8375,0.0031068660619409665,14033541648.827427,0.0020201268235038043,264390141878.43362
10.85,0.0025644554744240406,14001333688.312704,0.0025237255079319306,264033880542.73294
10.862499999999999,0.002524273951045085,13969236522.54002,0.002368854851182995,263678339036.93927
10.874999999999998,0.002499012415172845,13937249643.76947,0.0024912581513927405,263323515421.88135
10.8875,0.0024044560894244515,13905372547.167036,0.0024044560894244515,262969407764.92664
10.899999999999999,0.002187643111231733,13873604730.78462,0.0019566816254000243,262616014139.954
10.9125,0.002320901028587589,13841945695.540276,0.0024148622384159895,262263332627.3277
10.924999999999999,0.0028447316293772995,13810394945.198605,0.002244011367729614,261911361313.87085
10.9375,0.0028454035759786995,13778951986.351265,0.002330329628144892,261560098292.83948
10.95,0.0023646392216121535,13747616328.39769,0.002420840835352887,261209541663.89612
10.962499999999999,0.002228937334607603,13716387483.525908,0.00219874607891739,260859689533.08417
10.975,0.0028687228108335364,13685264966.693556,0.002451685872143355,260510540012.80185
10.987499999999999,0.0028023076087515773,13654248295.609028,0.0021087512046550714,260162091221.77658
11.0,0.0020008822728398434,13623336990.712759,0.0021855063210392918,259814341285.03928
11.0125,0.002931638515015406,13592530575.158686,0.0019494407288233877,259467288333.8991
11.025,0.0023178529236501724,13561828574.795824,0.002081717448987736,259120930505.91803
11.0375,0.002789637075969615,13531230518.15003,0.002435501443218647,258775265944.88556
11.049999999999999,0.002229400560828863,13500735936.40586,0.002757550589525827,258430292800.79355
11.0625,0.0022632935474032733,13470344363.388607,0.0020763445639629652,258086009229.81177
11.075,0.002099026793439674,13440055335.546469,0.00223586199934789,257742413394.26202
11.0875,0.0026814432296653535,13409868391.932844,0.002447185432286296,257399503462.5946
11.1,0.0031144214295270515,13379783074.188797,0.0019920690212159252,257057277609.36276
11.1125,0.0025117363960168765,13349798926.52562,0.002207102684808153,256715734015.19846
11.125,0.002392753467414549,13319915495.707582,0.0016764449513947757,256374870866.7882
11.1375,0.0027626128104132467,13290132331.034763,0.00237587976223539,256034686356.8486
11.15,0.0025273629762265623,13260448984.326048,0.0025146197391854607,255695178684.10196
11.1625,0.00245302976534614,13230865009.902248,0.001922595118204428,255356346053.2528
11.175,0.0023659186079412107,13201379964.56938,0.002361241859595494,255018186674.9634
11.1875,0.00277284409417359,13171993407.602018,0.001841069180950296,254680698765.83008
11.200000000000001,0.002453277041695457,13142704900.726828,0.0020949413581031833,254343880548.35986
11.2125,0.0026102477859264177,13113514008.106216,0.0024651523211356332,254007730250.94626
11.225,0.002667394170123343,13084420296.32208,0.00238614420064322,253672246107.8463
11.2375,0.0022151552928792733,13055423334.359724,0.0019230466663205604,253337426359.1571
11.25,0.002647469609498775,13026522693.591875,0.001843136088696186,253003269250.79214
11.2625,0.002121136001511761,12997717947.762827,0.0020684290052689876,252669773034.45874
11.274999999999999,0.0028325613325328267,12969008672.972706,0.002214800505073745,252336935967.63452
11.2875,0.002641854823697517,12940394447.661871,0.00258210533190142,252004756313.54483
11.299999999999999,0.0024895137780155162,12911874852.59542,0.002194878632235559,251673232341.1394
11.3125,0.0025160825466347013,12883449470.847803,0.0021235447810313986,251342362325.07043
11.325,0.002035452518866815,12855117887.787598,0.0025184319565112407,251012144545.669
11.337499999999999,0.0022320399670791298,12826879691.062366,0.0019081885830705045,250682577288.92334
11.35,0.002191325378607382,12798734470.58362,0.0017354768042205893,250353658846.4562
11.362499999999999,0.0023126789348194474,12770681818.511946,0.0022316152968270475,250025387515.50223
11.375,0.00258135006392146,12742721329.242197,0.0022530100766154984,249697761598.88605
11.3875,0.0024758254542691775,12714852599.388824,0.001905525269980197,249370779405.0003
11.4,0.0021669847849184096,12687075227.77132,0.0018233512929647,249044439247.7834
11.4125,0.00240347773517282,12659388815.399757,0.002251711875781602,248718739446.6976
11.424999999999999,0.0021225771779253893,12631792965.460455,0.0018317049331132485,248393678326.70755
11.4375,0.002951041645077295,12604287283.30174,0.002117639714298315,248069254218.25824
11.45,0.002328571166831937,12576871376.41985,0.002183274068543661,247745465457.25354
11.4625,0.0023736110526339908,12549544854.444862,0.002268330459127306,247422310385.0348
11.475,0.0021415368232303683,12522307329.126862,0.002020331095270625,247099787348.3593
11.4875,0.00258800502306168,12495158414.32207,0.0020752828883327606,246777894699.37927
11.5,0.0025573660406524403,12468097725.979185,0.001968582785760626,246456630795.62012
11.5125,0.002216241158587169,12441124882.125769,0.0021534410292206995,246135993999.96002
11.525,0.002845398200405875,12414239502.85477,0.0024215342842455246,245815982680.6084
11.5375,0.0025797992111654374,12387441210.31113,0.002099384269031615,245496595211.08548
11.55,0.0031562138203474824,12360729628.67849,0.002348265226829352,245177829970.20087
11.5625,0.002115833521833752,12334104384.166006,0.0022197299053415844,244859685342.03357
11.575000000000001,0.0017438662854825696,12307565104.995255,0.0019498416242809537,244542159715.91086
11.5875,0.0023551029554451483,12281111421.387257,0.0015844877151005871,244225251486.38794
11.6,0.0026040376689709897,12254742965.54958,0.0021632138205913906,243908959053.22757
11.6125,0.0025697603289405947,12228459371.663532,0.001535123829975653,243593280821.37967
11.625,0.0026698694669096976,12202260275.871479,0.002422209763064387,243278215200.96106
11.6375,0.002212467506473696,12176145316.264227,0.002016138148477908,242963760607.23535
11.649999999999999,0.0023354014810922463,12150114132.868519,0.0019452692843219346,242649915460.59283
11.6625,0.0023250454400715157,12124166367.634626,0.001739860583848088,242336678186.53082
11.674999999999999,0.002038853403857744,12098301664.424007,0.0017808835071743457,242024047215.63342
11.687499999999998,0.0026654455249793237,12072519668.997099,0.0021877721249792025,241712020983.55176
11.7,0.002118217588375529,12046820029.001158,0.0015507452445649422,241400597930.98474
11.712499999999999,0.002273383497569815,12021202393.958212,0.001316961583007325,241089776503.65878
11.725,0.0020128106689078088,11995666415.253124,0.0019567434444873622,240779555152.3089
11.737499999999999,0.0027852670429402903,11970211746.121687,0.0012833319995006463,240469932332.6591
11.75,0.00223795169616855,11944838041.63887,0.0021575133729048452,240160906505.40274
11.7625,0.002842404006350082,11919544958.707104,0.0019465110416412939,239852476136.1839
11.775,0.0026711221298679117,11894332156.044685,0.0021140783973109343,239544639695.57764
11.7875,0.0019391572580356234,11869199294.174248,0.0020828463192780664,239237395659.07135
11.799999999999999,0.002644818521182024,11844146035.41133,0.0017955382297716173,238930742507.0455
11.8125,0.002338675204934202,11819172043.853008,0.0019510964052492598,238624678724.755
11.825,0.0019209770707882873,11794276985.366652,0.0019512549846471758,238319202802.31012
11.8375,0.0026558017473560687,11769460527.578709,0.002062472898323774,238014313234.65787
11.85,0.001920831930322357,11744722339.863632,0.0021937632008772467,237710008521.56354
11.8625,0.002213992259773952,11720062093.332838,0.001985030702262179,237406287167.59195
11.875,0.0023166783609909324,11695479460.823765,0.0015779671452806248,237103147682.089
11.8875,0.0019005310796010163,11670974116.889023,0.0015456492015399035,236800588579.16324
11.9,0.002360494654974751,11646545737.785614,0.0018058699301827894,236498608377.66797
11.9125,0.0021143283614466594,11622194001.46421,0.0013999416127068668,236197205601.18234
11.925,0.0014576811413843076,11597918587.558556,0.0020835111908809024,235896378777.9937
11.9375,0.0021649366916773665,11573719177.374905,0.002006034759379336,235596126441.07962
11.950000000000001,0.0018685356702289424,11549595453.881561,0.0016496423453583012,235296447128.0894
11.9625,0.002173021553185364,11525547101.698483,0.0017794758676799632,234997339381.3267
11.975,0.002218162925867128,11501573807.086958,0.002323873565198676,234698801747.73148
11.9875,0.0022183448548730132,11477675257.93938,0.002184833367590868,234400832778.86224
12.0,0.002124318863516212,11453851143.769064,0.001856292803151514,234103431030.8786
12.0125,0.0021367149344187555,11430101155.700157,0.0022138544042589778,233806595064.52338
12.024999999999999,0.002373664808362105,11406424986.457632,0.001859464391110102,233510323445.1054
12.0375,0.0025612562229306184,11382822330.357328,0.0018978551317358372,233214614742.48196
12.049999999999999,0.0015249505584305218,11359292883.296066,0.0021401848666683597,232919467531.0415
12.062499999999998,0.0021587225295076626,11335836342.741867,0.0016662125485487202,232624880389.6863
12.075,0.0020528183695549076,11312452407.724203,0.0020370948190822566,232330851901.81537
12.087499999999999,0.0023405244019813016,11289140778.82434,0.0022322872434284895,232037380655.30728
12.1,0.001780964160573337,11265901158.165747,0.0015179803109191111,231744465242.50327
12.112499999999999,0.0019663809479680593,11242733249.404564,0.0017136266377529622,231452104260.19003
12.125,0.0022999710806938345,11219636757.720154,0.0016425385258883333,231160296309.583
12.1375,0.002073318116470275,11196611389.805721,0.0017955219525213001,230869039996.30972
12.15,0.0018474016057218488,11173656853.858973,0.0017926782745041887,230578333930.39276
12.1625,0.002238822752877677,11150772859.572887,0.0017919088268168856,230288176726.23322
12.174999999999999,0.0021647297321241536,11127959118.126505,0.0019115268137862226,229998567002.59427
12.1875,0.002349705880342732,11105215342.175837,0.0019425599956250947,229709503382.58453
12.2,0.0021391823223390746,11082541245.844778,0.002081972788696252,229420984493.64154
12.2125,0.0022089352916569898,11059936544.716137,0.0019075738663146477,229133008967.5157
12.225,0.0020621664906735147,11037400955.8227,0.0020417124361270193,228845575440.25363
12.2375,0.00243793784467879,11014934197.638374,0.001974227495055685,228558682552.18207
12.25,0.001927078345928928,10992535990.069378,0.0021572603737030215,228272328947.8919
12.2625,0.001205848493000602,10970206054.445517,0.0015877023076416765,227986513276.22202
12.275,0.0024352688727780326,10947944113.511505,0.0018763436897371384,227701234190.24307
12.2875,0.0023229523133686245,10925749891.418331,0.0016887074259103391,227416490347.24182
12.3,0.0023384736209538237,10903623113.714746,0.0014864318914520971,227132280408.70523
12.3125,0.0018016984856813337,10881563507.338726,0.002637922592186172,226848603040.30466
12.325000000000001,0.002264425105480011,10859570800.609081,0.0019216382662440384,226565456911.8799
12.3375,0.002002817465187085,10837644723.217062,0.002172955810365592,226282840697.424
12.35,0.0024022521045718743,10815785006.21804,0.002347528773354214,226000753075.0673
12.3625,0.002344851738094246,10793991382.023277,0.0020206375029208578,225719192727.0621
12.375,0.00235802726705442,10772263584.391708,0.0019488386646685355,225438158339.76703
12.3875,0.002375363580481855,10750601348.421812,0.0017511465989651289,225157648603.63196
12.399999999999999,0.0019394722856169292,10729004410.543543,0.0014389104069917136,224877662213.18246
12.4125,0.0022221274108153565,10707472508.510271,0.0020032340859447158,224598197867.00458
12.424999999999999,0.0023826258882382956,10686005381.390854,0.001978409690702767,224319254267.7299
12.437499999999998,0.0025106075257265398,10664602769.561705,0.002448358392573261,224040830122.02002
12.45,0.0022846050058131203,10643264414.698935,0.001926336516880999,223762924140.5519
12.462499999999999,0.0021275398813919363,10621990059.770563,0.0016023249471407669,223485535038.00266
12.475,0.002153115807065601,10600779449.028763,0.0016732653000769966,223208661533.03467
12.487499999999999,0.0022338327206116813,10579632328.002163,0.0018605932614004495,222932302348.28082
