time (ns),FitRates_Biexp_data,FitRates_Biexp_sims
0.0,0.006678770987711049,0.0047438796065185414
0.012499999999999999,0.0062954832670279424,0.004740093515102357
0.024999999999999998,0.004810808029839944,0.004736324672015008
0.0375,0.006299462950270837,0.0047325729986781384
0.049999999999999996,0.005814723011755893,0.004728838416871367
0.0625,0.006363244922089734,0.004725120848730667
0.075,0.005446985722170443,0.004721420216746734
0.08750000000000001,0.006387917114445576,0.004717736443763375
0.09999999999999999,0.0045979669338124885,0.0047140694529759
0.11249999999999999,0.005288180202358989,0.004710419167929514
0.125,0.00567311852746008,0.004706785512517731
0.1375,0.007250227612065871,0.004703168410980785
0.15,0.00701043993850743,0.004699567787904045
0.1625,0.005737405225852148,0.00469598356821645
0.17500000000000002,0.00529113391552825,0.004692415677188944
0.1875,0.0053575924618389816,0.00468886404043291
0.19999999999999998,0.006968669247892143,0.004685328583898623
0.2125,0.004538096102121577,0.0046818092338737115
0.22499999999999998,0.005759061350436601,0.004678305916981613
0.2375,0.005498588828717629,0.004674818560180048
0.25,0.005573734766702724,0.004671347090759498
0.2625,0.004331177135485647,0.0046678914363416845
0.275,0.004638373228059566,0.004664451524878066
0.2875,0.006240926447311559,0.004661027284648333
0.3,0.006358466856668694,0.00465761864425891
0.3125,0.005209559307703826,0.004654225532641474
0.325,0.005445717055694256,0.004650847879051464
0.3375,0.005659218700780756,0.004647485613066617
0.35000000000000003,0.005414060507723694,0.0046441386645854855
0.3625,0.0035367151668442205,0.004640806963825991
0.375,0.004029464022627238,0.004637490441323957
0.38749999999999996,0.006863986178213409,0.004634189027931666
0.39999999999999997,0.0047524666997725,0.00463090265481642
0.4125,0.005190620793853212,0.004627631253459098
0.425,0.005785967745313078,0.00462437475565274
0.4375,0.004850943779376682,0.004621133093501109
0.44999999999999996,0.004779404229270656,0.004617906199417288
0.46249999999999997,0.005925139759940031,0.004614694006122264
0.475,0.007653670081433784,0.004611496446643529
0.4875,0.01125980636555716,0.005828148264135503
0.5,0.03447220851873132,0.016346186723065047
0.5125,0.103612852376734,0.06920249158640862
0.525,0.2616296525620723,0.2223727386938311
0.5375,0.5332262715762953,0.47508710573920465
0.55,0.8722207176889917,0.7029282355541199
0.5624999999999999,1.0,0.7938508562234815
0.575,0.9166866401166717,0.7706652889061495
0.5874999999999999,0.8070072483531671,0.706873181312573
0.6,0.7047419666512786,0.6404295981685781
0.6124999999999999,0.6344177047932879,0.5797546251353268
0.625,0.5496630613909772,0.5254515928721372
0.6375,0.472338014014145,0.47684836954873294
0.65,0.39636770935225824,0.4333437354331436
0.6625,0.3540342234697981,0.39439990137240655
0.675,0.3167072814094094,0.3595358166047421
0.6875,0.316068713051881,0.3283211826254397
0.7000000000000001,0.27107849411694435,0.3003710986148432
0.7125,0.2515393340059509,0.2753412717960013
0.725,0.23139309896473678,0.25292373311954697
0.7374999999999999,0.22924323014702516,0.23284300496167545
0.75,0.2125214579280216,0.21485267314595616
0.7625,0.20601792287458498,0.19873232063112486
0.7749999999999999,0.18746408672732343,0.1842847847075897
0.7875,0.18208554879374864,0.17133370357113137
0.7999999999999999,0.1883943326278397,0.15972132174329665
0.8125,0.1730772679602509,0.14930652702908104
0.825,0.1578644058136499,0.1399630945837491
0.8375,0.16496330792054376,0.13157811623791657
0.85,0.1624096491377974,0.12405059553537427
0.8625,0.1525071621687161,0.11729019100026841
0.875,0.15048038351199633,0.11121609199482266
0.8875,0.13507459748585704,0.10575601317874665
0.8999999999999999,0.14387970331764127,0.10084529505735826
0.9125,0.13800051100186023,0.09642609942561842
0.9249999999999999,0.12774869383450663,0.09244668969616389
0.9375000000000001,0.1284225777302445,0.08886078715572183
0.95,0.12783487275992034,0.08562699513914611
0.9624999999999999,0.12915248945520383,0.08270828395548223
0.975,0.1137632094732466,0.08007153015646937
0.9874999999999999,0.11270591959221107,0.07768710441412519
1.0,0.12403509451536775,0.07552850287895273
1.0125,0.11562804497011454,0.07357201743138288
1.025,0.11303086235507837,0.07179644072305323
1.0374999999999999,0.10648213374456317,0.07018280233745113
1.05,0.11001060376548898,0.06871413278669797
1.0625,0.10603560083086244,0.06737525240764586
1.075,0.11204779711318043,0.0661525825303056
1.0875,0.09960189230449179,0.06503397656878186
1.1,0.10334216191607165,0.06400856893280829
1.1125,0.10672135638555692,0.06306663987973485
1.1249999999999998,0.09819340549229202,0.062199494625183316
1.1375,0.1017084110377473,0.061399355208022074
1.15,0.09397628495169305,0.060659263764026215
1.1625,0.10171645030006884,0.05997299600455931
1.1749999999999998,0.09646730764046692,0.059334983823604415
1.1875,0.0906474502098225,0.05874024607006551
1.2,0.0927510152299085,0.058184326623869374
1.2125000000000001,0.08874699640708857,0.05766323900528654
1.2249999999999999,0.09533851226748531,0.05717341682818924
1.2375,0.09263703665113851,0.05671166948068724
1.25,0.0870654648745545,0.05627514248163085
1.2625,0.09952613824909265,0.05586128201965804
1.275,0.08379770249615631,0.05546780323350974
1.2874999999999999,0.08532122710445494,0.055092661838893935
1.3,0.08556237236701655,0.0547340287488239
1.3124999999999998,0.08423711076705935,0.05439026737160639
1.325,0.07200343893697858,0.0540599133039768
1.3375,0.07518397990296394,0.05374165616668328
1.35,0.07303675780550452,0.05343432335648248
1.3624999999999998,0.0755744781587366,0.0531368655123576
1.375,0.08154106563476445,0.052848343515101294
1.3875,0.07534808473169702,0.05256791685848689
1.4000000000000001,0.06260706775538366,0.05229483324731983
1.4124999999999999,0.07255934513023599,0.052028419292928306
1.425,0.07771592020652358,0.051768072190308885
1.4375,0.07567707625441382,0.051513252273358144
1.45,0.0735793317867499,0.051263476355549044
1.4625,0.07453274654046946,0.05101831177318407
1.4749999999999999,0.0690391415327316,0.05077737105710052
1.4875,0.0779313675200548,0.05054030716652368
1.5,0.07379556096553051,0.05030680922575892
1.5125,0.06875226947667928,0.05007659871067124
1.525,0.06507106964715022,0.049849426037497764
1.5375,0.06553697894399525,0.0496250675115455
1.5499999999999998,0.06301581100611141,0.04940332259780486
1.5625,0.0685111074837927,0.04918401147951588
1.575,0.060223096394802125,0.048966972874306416
1.5875000000000001,0.06691575487667134,0.04875206208072802
1.5999999999999999,0.07072083243014186,0.04853914923088125
1.6124999999999998,0.06226973780909777,0.04832811772738723
1.625,0.06412553841862463,0.04811886284525629
1.6375,0.06959042902544374,0.047911290481256405
1.65,0.05989124341043609,0.04770531603521944
1.6624999999999999,0.062168269074338596,0.04750086340936548
1.675,0.07129698024600048,0.04729786411319379
1.6875,0.0648542368322902,0.047096256462802626
1.7,0.06125454308881039,0.04689598486467562
1.7125,0.0615552867177795,0.04669699917502266
1.725,0.058235834358918416,0.04649925412670465
1.7375,0.06027963012428216,0.04630270881661124
1.75,0.05605321407459271,0.04610732624711383
1.7625,0.06761753513728377,0.0459130729158887
1.775,0.059646145523371386,0.04571991844900685
1.7874999999999999,0.06161696719866892,0.04552783527272616
1.7999999999999998,0.06446191422426481,0.04533679831990213
1.8125,0.057416352702252704,0.04514678476736539
1.825,0.05894669197287392,0.04495777380099844
1.8375,0.06359439129163985,0.044769746405589506
1.8499999999999999,0.05943799561884777,0.044582685176849456
1.8625,0.058426609480092255,0.0443965741532534
1.8750000000000002,0.056959658143737414,0.04421139866561557
1.8874999999999997,0.053919280015968025,0.044027145202526485
1.9,0.05363169051921666,0.043843801289978876
1.9125,0.056043831691583015,0.043661355383685596
1.9249999999999998,0.05669295359750896,0.04347979677275026
1.9374999999999998,0.049688002398612395,0.04329911549349314
1.95,0.06277934020472904,0.04311930225236067
1.9625000000000001,0.04736773362616923,0.042940348356960534
1.9749999999999999,0.051379918597162316,0.04276224565436472
1.9874999999999998,0.05306423009503161,0.04258498647591427
2.0,0.052165299264616036,0.04240856358783923
2.0125,0.05806851519526539,0.04223297014708075
2.025,0.05351284700110882,0.04205819966176647
2.0375,0.05127775487106908,0.041884245955847874
2.05,0.05486286766733894,0.04171110313746122
2.0625,0.05262436690441772,0.041538765570618585
2.0749999999999997,0.05211669628508451,0.041367227849878174
2.0875,0.04617165354040984,0.04119648477767932
2.1,0.05113024296043443,0.04102653134406123
2.1125,0.04959502447421574,0.04085736270851393
2.125,0.04506366360623274,0.0406889741837366
2.1375,0.05211504568066531,0.04052136122110193
2.15,0.05409177478230284,0.040354519397646636
2.1624999999999996,0.044995293833753974,0.04018844440442724
2.175,0.049507090699953446,0.04002313203609689
2.1875,0.04835902634653593,0.03985857818157464
2.2,0.04422750215755291,0.039694778815691806
2.2125,0.0478312928459235,0.03953172999171249
2.225,0.047603596310133396,0.03936942783463591
2.2375,0.051821280944348576,0.03920786853519828
2.2499999999999996,0.05158163983184724,0.039047048344500276
2.2624999999999997,0.05045340827506785,0.03888696356919422
2.275,0.04601180553359726,0.03872761056717203
2.2875,0.04193486003752339,0.03856898574370092
2.3,0.04355831237685879,0.038411085547959876
2.3125,0.05144611652172299,0.03825390646993456
2.325,0.046604372519722825,0.03809744503763276
2.3375,0.046507334354716816,0.037941697814586804
2.3499999999999996,0.04460627243456473,0.03778666139761247
2.3625,0.0447146392912136,0.03763233241479766
2.375,0.046435576499484425,0.03747870752369617
2.3875,0.04533010590889313,0.03732578340970548
2.4,0.0433777883778615,0.03717355678460876
2.4125,0.043677805091305234,0.037022024385264106
2.4250000000000003,0.042175366496181234,0.036871182972425094
2.4374999999999996,0.04671305178957055,0.03672102932967945
2.4499999999999997,0.03793774371123111,0.03657156026249275
2.4625,0.036231887482008486,0.03642277259734653
2.475,0.04474331472584051,0.036274663180960696
2.4875,0.04283908322011968,0.03612722887959148
2.5,0.04591902419051307,0.03598046657839682
2.5125,0.03821408964040133,0.0358343731808623
2.525,0.03850033919607855,0.03568894560828118
2.5374999999999996,0.04142826069244391,0.03554418079928273
2.55,0.04262146405867115,0.03540007570940407
2.5625,0.04175515736088062,0.03525662731070075
2.5749999999999997,0.039698678003671044,0.03511383259139189
2.5875,0.045015187960688166,0.034971688555536826
2.6,0.04070894175959184,0.03483019222273914
2.6125000000000003,0.04169495373657373,0.03468934062787593
2.6249999999999996,0.03713867742500104,0.03454913082084935
2.6374999999999997,0.03633839490393878,0.034409559866358075
2.65,0.048570529400724566,0.03427062484368677
2.6625,0.04719711325367955,0.034132322846511604
2.675,0.03880083607410178,0.03399465098272019
2.6875,0.044517052922066674,0.03385760637424429
2.7,0.037268206434871776,0.03372118615690432
2.7125,0.03335656032123062,0.03358538748026401
2.7249999999999996,0.03698243868692816,0.03345020750749451
2.7375,0.043681933960388636,0.0333156434152468
2.75,0.04257906958729917,0.033181692393531644
2.7624999999999997,0.03676520645691163,0.0330483516456062
2.775,0.03624669655060435,0.03291561838786674
2.7875,0.0404765470542141,0.032783489849746855
2.8000000000000003,0.036480781253484265,0.032651963273620445
2.8125,0.03592279008622564,0.03252103591470918
2.8249999999999997,0.03383205116449841,0.03239070504099396
2.8375,0.04184342126029466,0.03226096793312982
2.85,0.03204525968618802,0.03213182188436424
2.8625,0.04174177877770186,0.03200326420045824
2.875,0.0377566984687326,0.03187529219961008
2.8875,0.039908565386529635,0.03174790321238146
2.9,0.04102350258792365,0.031621094581625764
2.9124999999999996,0.036192272975972,0.0314948636624183
2.925,0.03435341278021101,0.03136920782198833
2.9375,0.03245652080806354,0.031244124439652618
2.9499999999999997,0.03620368339866395,0.03111961090675059
2.9625,0.03568918612409651,0.03099566462658069
2.975,0.03143957473863573,0.030872283014338024
2.9875000000000003,0.035758859005326764,0.030749463497053126
3.0,0.031228297373110135,0.03062720351353171
3.0124999999999997,0.04109736355590217,0.0305055005142954
3.025,0.03367240814683942,0.0303843519615233
3.0375,0.03267457433909529,0.030263755328994352
3.05,0.030534261652226936,0.030143708102030493
3.0625,0.03371428137471057,0.030024207777440404
3.075,0.038675853444536695,0.029905251863464013
3.0875,0.03242481182844958,0.029786837879717455
3.0999999999999996,0.03282642994556747,0.029668963357138707
3.1125,0.03610757090714467,0.029551625837933686
3.125,0.031187654720349733,0.029434822875522838
3.1374999999999997,0.03386020522758651,0.029318552034488212
3.15,0.03495492777975975,0.029202810890520927
3.1625,0.034666766997913406,0.029087597030369117
3.1750000000000003,0.03264912028148878,0.02897290805178623
3.1875,0.03474549410025334,0.028858741563479656
3.1999999999999997,0.03376883819442752,0.02874509518505983
3.2125,0.03439354852974717,0.02863196654698959
3.2249999999999996,0.031164010674717704,0.02851935329053386
3.2375,0.03239119162267069,0.02840725306770973
3.25,0.037443591812883835,0.02829566354123675
3.2625,0.037607970323262394,0.02818458238448759
3.275,0.03789769483561012,0.028074007281438943
3.2875,0.03343176739745342,0.02796393592662278
3.3,0.031955084560605966,0.027854366025077775
3.3125,0.032534270509485694,0.027745295292301058
3.3249999999999997,0.03248762167025914,0.02763672145420026
3.3375,0.03280253961846248,0.02752864224704574
3.35,0.0368003903931933,0.02742105541742309
3.3625,0.03186908732139504,0.02731395872218594
3.375,0.030518189977628316,0.027207349928408894
3.3874999999999997,0.031271908079316575,0.02710122681334084
3.4,0.032894104726712774,0.026995587164358348
3.4124999999999996,0.03199313533614055,0.026890428778919416
3.425,0.031938404768590826,0.026785749464517398
3.4375,0.031331987741306286,0.02668154703863514
3.45,0.02831072375311433,0.026577819328699362
3.4625,0.029405769473698055,0.026474564172035274
3.475,0.03141594503328056,0.026371779415821348
3.4875,0.028100874525639107,0.026269462917044413
3.5,0.0320840923269744,0.02616761254245483
3.5124999999999997,0.026342160799651522,0.026066226168522
3.525,0.03242246623269928,0.02596530168138997
3.5375,0.02704249030213175,0.025864836976833377
3.55,0.02986649924135455,0.025764829960213478
3.5625,0.029175466720403335,0.025665278546434443
3.5749999999999997,0.026866010517629473,0.02556618065989985
3.5875,0.0282992563961038,0.025467534234469378
3.5999999999999996,0.031799580249630345,0.025369337213415683
3.6125,0.027334892840072407,0.025271587549381525
3.625,0.02984682834901532,0.025174283204336987
3.6375,0.03148996161034705,0.025077422149537034
3.65,0.028359373146492388,0.024981002365479153
3.6625,0.03086440436637324,0.024885021841861244
3.675,0.026632667177249984,0.02478947857753969
3.6874999999999996,0.03357649934275123,0.024694370580487606
3.6999999999999997,0.028345647067645748,0.024599695867753325
3.7125,0.0291820691380759,0.02450545246541901
3.725,0.026680050187499225,0.024411638408559495
3.7375000000000003,0.029456416967160105,0.02431825174120132
3.7500000000000004,0.030502552672614366,0.02422529051628194
3.7624999999999997,0.03155077335207047,0.024132752795609128
3.7749999999999995,0.03268169800026893,0.02404063664982052
3.7874999999999996,0.0316331667001468,0.023948940158343444
3.8,0.02757994036544762,0.02385766140935482
3.8125,0.02876324998544383,0.023766798499741323
3.825,0.030640508452406574,0.023676349535059683
3.8375000000000004,0.029908248208155148,0.02358631262949721
3.8499999999999996,0.02862259364533739,0.023496685905832433
3.8625,0.025450486918170777,0.023407467495395986
3.8749999999999996,0.027694613935552316,0.023318655538031648
3.8874999999999997,0.025427030960649803,0.023230248182057538
3.9,0.023700498739241307,0.023142243584227513
3.9125,0.02953182352689521,0.023054639909692747
3.9250000000000003,0.03277291561285238,0.022967435331963455
3.9375000000000004,0.025178050315256453,0.022880628032870817
3.9499999999999997,0.026520773572481275,0.022794216202529086
3.9624999999999995,0.022024549928178462,0.022708198039297835
3.9749999999999996,0.02845992572527119,0.022622571749744365
3.9875,0.028504973830958194,0.02253733554860638
4.0,0.02638498964060654,0.022452487658754707
4.0125,0.02673187719017369,0.022368026311156277
4.025,0.025290855722706188,0.022283949744837196
4.0375,0.022183419531107168,0.022200256206846087
4.05,0.022329280837323506,0.022116943952217492
4.0625,0.02574811695694286,0.02203401124393554
4.075,0.028972086366761074,0.021951456352897664
4.0875,0.027113427432521906,0.021869277557878625
4.1,0.028214554327276688,0.021787473145494556
4.1125,0.02301732225795103,0.02170604141016728
4.125,0.023001076835519177,0.02162498065408876
4.137499999999999,0.023746541915116666,0.021544289187185657
4.1499999999999995,0.025186146938689116,0.021463965327084104
4.1625,0.02349851688280685,0.021384007399074676
4.175,0.021564095378625157,0.021304413736077412
4.1875,0.026078064092743602,0.02122518267860709
4.2,0.02267991395229047,0.021146312574738615
4.2125,0.022269337834768966,0.021067801780072594
4.225,0.02454256761425961,0.020989648657701032
4.2375,0.026907883745502504,0.02091185157817321
4.25,0.030135770996113514,0.020834408919461707
4.2625,0.026192915379865664,0.02075731906692859
4.275,0.024374814081022614,0.02068058041329176
4.2875,0.026274486018505915,0.020604191358591418
4.3,0.026301851302281177,0.0205281503101567
4.3125,0.02040076675948059,0.020452455682572517
4.324999999999999,0.022718234760381904,0.02037710589764644
4.3374999999999995,0.022465846634447836,0.02030209938437584
4.35,0.025627709708332693,0.020227434578915123
4.3625,0.0219908200576815,0.02015310992454311
4.375,0.029980679608323648,0.020079123871630602
4.3875,0.027615477623133718,0.020005474877608037
4.4,0.023916814791938804,0.019932161406933366
4.4125,0.02382203534876894,0.019859181931060028
4.425,0.021702398654084926,0.019786534928405063
4.4375,0.02536445600491517,0.019714218884317403
4.45,0.020593018737239236,0.019642232291046297
4.4625,0.02202296340687739,0.019570573647709852
4.475,0.024407999917220154,0.01949924146026376
4.4875,0.02271361104500704,0.01942823424147016
4.499999999999999,0.01940152971711458,0.019357550510866586
4.512499999999999,0.02280743487509348,0.01928718879473515
4.5249999999999995,0.02386747040722706,0.019217147626071778
4.5375,0.021651838034539062,0.019147425544555646
4.55,0.021824022137530028,0.019078021096518728
4.5625,0.022644895163941997,0.019008932834915487
4.575,0.023833937075362348,0.0189401593192927
4.5875,0.023929672131617077,0.01887169911575942
4.6,0.02293870136329626,0.018803550796957103
4.6125,0.02023807035091589,0.018735712942029834
4.625,0.023903088713092893,0.018668184136594695
4.6375,0.02854545707616219,0.01860096297271228
4.65,0.01592754191231516,0.018534048048857374
4.6625000000000005,0.020382610110882448,0.01846743796988966
4.675,0.022873459051821393,0.018401131347024712
4.687499999999999,0.016811008331964236,0.018335126797804975
4.699999999999999,0.02525215376624035,0.018269422946070972
4.7124999999999995,0.02202504838087902,0.018204018421932623
4.725,0.021020525281546753,0.018138911861740648
4.7375,0.024915815795887634,0.018074101908058172
4.75,0.022881103956494474,0.018009587209632395
4.7625,0.02577530849288443,0.017945366421366432
4.775,0.02520133252494415,0.017881438204291278
4.7875,0.026354801242624255,0.017817801225537867
4.8,0.019259716658596545,0.0177544541583093
4.8125,0.020172375232355183,0.01769139568185319
4.825,0.026423214163975833,0.017628624481434086
4.8375,0.022424668397910397,0.017566139248306127
4.8500000000000005,0.022332755793992225,0.01750393867968568
4.8625,0.028347222577662028,0.017442021478724225
4.874999999999999,0.019373830189627066,0.017380386354481324
4.887499999999999,0.019526641409183264,0.01731903202189767
4.8999999999999995,0.018381382564721497,0.017257957201768304
4.9125,0.020421158656246535,0.017197160620715978
4.925,0.022843574424460247,0.01713664101116455
4.9375,0.02166382663504973,0.017076397111312605
4.95,0.02160796670658197,0.017016427665107133
4.9624999999999995,0.017091304901045032,0.016956731422217312
4.975,0.016865926134038114,0.01689730713800848
4.9875,0.019020948339805204,0.016838153573516163
5.0,0.013910850808974777,0.016779269495420242
5.0125,0.013859334576346454,0.01672065367601926
5.025,0.020783793858413144,0.0166623048932048
5.0375000000000005,0.01726972839074002,0.016604221930436015
5.05,0.02332494279714817,0.016546403576714254
5.062499999999999,0.021312856011395983,0.016488848626557844
5.074999999999999,0.021579385187972432,0.01643155587997692
5.0874999999999995,0.01874799049338939,0.016374524142448433
5.1,0.020677325872247566,0.01631775222489121
5.1125,0.018868571489832918,0.016261238943641218
5.125,0.019016257148300235,0.016204983120426817
5.1375,0.02151588035483153,0.01614898358234426
5.1499999999999995,0.018837666398041273,0.016093239161833188
5.1625,0.020249345522592607,0.016037748696652313
5.175,0.020171419619271318,0.01598251102985518
5.1875,0.017707588466440757,0.01592752500976604
5.2,0.01967675953731993,0.015872789489955855
5.2125,0.022075435252591695,0.01581830332921837
5.2250000000000005,0.020238939303480464,0.01576406539154634
5.2375,0.017477285713146114,0.01571007454610784
5.249999999999999,0.019008959739294215,0.015656329667222676
5.262499999999999,0.018995059912614874,0.015602829634338932
5.2749999999999995,0.020893955746566346,0.015549573332009603
5.2875,0.02003685192223232,0.01549655964986933
5.3,0.017100687284053277,0.015443787482611252
5.3125,0.017871258925589505,0.015391255729963974
5.325,0.02141828172395801,0.015338963296668605
5.3374999999999995,0.015518713260110301,0.015286909092455945
5.35,0.016141946738844823,0.015235092032023735
5.3625,0.016299970393405878,0.015183511035014037
5.375,0.01915907786743109,0.015132165025990714
5.3875,0.020072470228098074,0.015081052934417
5.4,0.017459160049790635,0.01503017369463318
5.4125000000000005,0.02081611095544252,0.01497952624583438
5.425,0.022874935908404743,0.01492910953204844
5.437499999999999,0.020299211150804738,0.014878922502113895
5.449999999999999,0.018301435770515538,0.014828964109658073
5.4624999999999995,0.019901502359941745,0.014779233313075275
5.475,0.021352123021765996,0.014729729075505047
5.4875,0.021483823879552083,0.014680450364810567
5.5,0.016092428606299992,0.01463139615355713
5.5125,0.021015696000846962,0.014582565418990728
5.5249999999999995,0.02075712356597255,0.01453395714301672
5.5375,0.0162977985454869,0.014485570312178604
5.55,0.014184416772809011,0.014437403917636892
5.5625,0.02182228465919438,0.014389456955148075
5.575,0.01690476831366878,0.01434172842504369
5.5875,0.019177582011697766,0.014294217332209458
5.6000000000000005,0.01759777983567334,0.014246922686064568
5.6125,0.019447412397110727,0.014199843500540998
5.625,0.017873215946753604,0.014152978794062961
5.637499999999999,0.01770281434886363,0.014106327589526449
5.6499999999999995,0.02215440364291264,0.014059888914278847
5.6625,0.01840292729607446,0.014013661800098677
5.675,0.018863185306994584,0.01396764528317538
5.6875,0.016127577140020447,0.013921838404089245
5.7,0.01397617999436915,0.0138762402077914
5.7124999999999995,0.01724463736409979,0.013830849743583885
5.725,0.017027018202653527,0.013785666065099856
5.7375,0.021257864822096684,0.013740688230283831
5.75,0.015264272767234952,0.013695915301372071
5.7625,0.01705622674565019,0.013651346344873
5.775,0.01909896111704321,0.013606980431547767
5.7875000000000005,0.01697923754844228,0.013562816636390857
5.8,0.015708619642116235,0.013518854038610816
5.8125,0.016086388788465397,0.013475091721611043
5.824999999999999,0.013742662906153334,0.013431528772970686
5.8374999999999995,0.017486233726571467,0.013388164284425616
5.85,0.01510849462523544,0.013344997351849491
5.8625,0.01757699001753102,0.013302027075234906
5.875,0.01616661893120072,0.01325925255867462
5.8875,0.01961464468684709,0.013216672910342899
5.8999999999999995,0.01559160047626051,0.013174287242476889
5.9125,0.017028929428820557,0.013132094671358138
5.925,0.015453210326883092,0.01309009431729416
5.9375,0.019030573867350003,0.013048285304600072
5.95,0.015954125330839754,0.013006666761580382
5.9625,0.01615106850010337,0.01296523782051077
5.9750000000000005,0.016456430317465756,0.01292399761762002
5.9875,0.014413655101891227,0.01288294529307201
6.0,0.01906577528084588,0.012842079990947775
6.012499999999999,0.018675711394657728,0.012801400859227671
6.0249999999999995,0.02029799491597025,0.012760907049773606
6.0375,0.01496517929455053,0.012720597718311357
6.05,0.014622725088898395,0.01268047202441297
6.0625,0.015810522746459374,0.012640529131479237
6.075,0.01664633669947192,0.012600768206722245
6.0874999999999995,0.017108245314810977,0.012561188421148027
6.1,0.015171391340959661,0.012521788949539273
6.1125,0.014792952896274875,0.012482568970438113
6.125,0.01636199836996077,0.012443527666129005
6.1375,0.014616267012952877,0.012404664222621684
6.15,0.013208735813835417,0.012365977829634181
6.1625000000000005,0.015996017721761728,0.01232746768057594
6.175,0.01712761819824531,0.012289132972530996
6.1875,0.01789888483111465,0.012250972906241234
6.199999999999999,0.014623216926292466,0.012212986686089722
6.2124999999999995,0.01443947859237494,0.012175173520084135
6.225,0.01162058087396487,0.012137532619840222
6.2375,0.016130826877501867,0.012100063200565404
6.25,0.017119278302235818,0.01206276448104236
6.262499999999999,0.013802432160877065,0.012025635683612786
6.2749999999999995,0.012121856241426842,0.011988676034161153
6.2875,0.014487602965125464,0.011951884762098583
6.3,0.01475283281007786,0.011915261100346774
6.3125,0.018148647341760523,0.011878804285322009
6.325,0.014818509491137558,0.011842513556919235
6.3375,0.01322715308418481,0.011806388158496219
6.3500000000000005,0.01674044938373092,0.011770427336857767
6.3625,0.0165695401570686,0.011734630342240017
6.375,0.015259915862123863,0.011698996428294828
6.387499999999999,0.01426043144996184,0.01166352485207419
6.3999999999999995,0.016067271832047703,0.01162821487401475
6.4125,0.02031693342982046,0.011593065757922393
6.425,0.014830498091650032,0.01155807677095689
6.4375,0.014503417795100046,0.01152324718361662
6.449999999999999,0.012953152750767628,0.011488576269723353
6.4624999999999995,0.013952897784681144,0.01145406330640711
6.475,0.017391642435532664,0.011419707574091116
6.4875,0.01365665772857796,0.011385508356476767
6.5,0.014256435249791314,0.0113514649405287
6.5125,0.013647449093402568,0.011317576616459947
6.525,0.012725975431206987,0.01128384267771711
6.5375000000000005,0.018353061667862634,0.011250262420965652
6.55,0.017768400208162727,0.011216835146075214
6.5625,0.016545736703878836,0.011183560156105036
6.575,0.011457652268129805,0.011150436757289411
6.5874999999999995,0.015736245547641557,0.011117464259023229
6.6,0.016239158651683665,0.011084641973847576
6.6125,0.014565532645573765,0.011051969217435396
6.625,0.01590104536770862,0.011019445308577232
6.637499999999999,0.013316633218433736,0.01098706956916702
6.6499999999999995,0.014436595449592094,0.010954841324187942
6.6625,0.012412796988609217,0.010922759901698368
6.675,0.014362768923887076,0.010890824632817831
6.6875,0.013079467425715679,0.010859034851713098
6.7,0.012803312209443784,0.010827389895584271
6.7125,0.016324555711844536,0.010795889104650978
6.725,0.016423591976935395,0.010764531822138606
6.7375,0.013920928183318507,0.010733317394264629
6.75,0.014328019357190053,0.010702245170224953
6.7625,0.013605181635922474,0.010671314502180368
6.7749999999999995,0.013401769656844701,0.010640524745243017
6.7875,0.011258416382888969,0.010609875257462972
6.8,0.012179627396061371,0.010579365399814846
6.8125,0.015313430194838766,0.010548994536184459
6.824999999999999,0.01031749960830794,0.010518762033355578
6.8374999999999995,0.013376749968822212,0.010488667260996731
6.85,0.01712040766315554,0.010458709591648043
6.8625,0.011185963536323356,0.010428888400708165
6.875,0.013208157209222736,0.010399203066421251
6.8875,0.012916971204873912,0.010369652969863991
6.9,0.013210299544336867,0.010340237494932713
6.9125,0.01215912515171156,0.010310956028330528
6.925,0.015787848654188783,0.010281807959554556
6.9375,0.013494477079210733,0.01025279268088319
6.95,0.016929198172394175,0.010223909587363413
6.9624999999999995,0.01010751073383946,0.010195158076798211
6.975,0.01204627593385667,0.010166537549734001
6.9875,0.014368328854560356,0.010138047409448136
7.0,0.014340576191220648,0.010109687061936459
7.012499999999999,0.013719101317121885,0.010081455915900922
7.0249999999999995,0.015614274568530085,0.010053353382737273
7.0375,0.013363632007392988,0.01002537887652275
7.05,0.01592476194698034,0.009997531814003893
7.0625,0.011691226717455991,0.009969811614584378
7.075,0.012241307876953317,0.009942217700312906
7.0875,0.015117703260412542,0.009914749495871154
7.1,0.012276318065401394,0.009887406428561781
7.1125,0.01332624786273249,0.009860187928296493
7.125,0.01317207502096903,0.009833093427584141
7.1375,0.013291874152161019,0.009806122361518918
7.1499999999999995,0.016245674195439246,0.009779274167768547
7.1625,0.014405250269176918,0.00975254828656258
7.175,0.013839787945077802,0.009725944160680722
7.1875,0.01181974480173769,0.009699461235441206
7.199999999999999,0.013952810910762998,0.009673098958689234
7.2124999999999995,0.012845776589671056,0.009646856780785472
7.225,0.011529723624887004,0.00962073415459457
7.2375,0.014202673419241077,0.009594730535473777
7.25,0.01591798578147401,0.009568845381261572
7.2625,0.013957762724018245,0.009543078152266364
7.275,0.011115248168091922,0.009517428311255245
7.2875,0.013094498213791675,0.009491895323442771
7.3,0.013944594507597441,0.009466478656479833
7.3125,0.012604614596784282,0.009441177780442553
7.325,0.01174855902117072,0.009415992167821225
7.3374999999999995,0.010965477535622095,0.009390921293509321
7.35,0.011562214469749955,0.009365964634792556
7.3625,0.012841546122279501,0.00934112167133797
7.374999999999999,0.013968187594028203,0.00931639188518309
7.387499999999999,0.013927009357490935,0.009291774760725135
7.3999999999999995,0.011757420160679872,0.00926726978471025
7.4125,0.01167297871360094,0.009242876446222821
7.425,0.010898063376227627,0.009218594236674814
7.4375,0.011728404272484389,0.00919442264979518
7.45,0.00932173615687229,0.009170361181619286
7.4624999999999995,0.01028091107166458,0.009146409330478417
7.4750000000000005,0.012172191961880014,0.009122566596989314
7.4875,0.008582873494949907,0.00909883248404377
7.500000000000001,0.01075159395259491,0.00907520649679824
7.5125,0.010343981535220693,0.009051688142663567
7.5249999999999995,0.013765945115844055,0.009028276931294665
7.5375,0.00987581101979618,0.009004972374580329
7.549999999999999,0.01285107589859281,0.00898177398663304
7.5625,0.010824568042660444,0.008958681283778844
7.574999999999999,0.01389225979079251,0.008935693784547269
7.5875,0.011154515178461163,0.008912811009661271
7.6,0.012910019584358435,0.008890032482027263
7.612499999999999,0.010309579464190139,0.008867357726725155
7.625,0.010712848185724847,0.008844786270998446
7.637499999999999,0.014450511579801572,0.008822317644244388
7.65,0.014072417429829199,0.008799951378004158
7.6625,0.011226099285860255,0.00877768700595309
7.675000000000001,0.011319228124611518,0.008755524063890961
7.6875,0.01062736425164761,0.008733462089732308
7.699999999999999,0.011164158183220944,0.008711500623496796
7.7125,0.011225404294525924,0.008689639207299626
7.725,0.010754930329254682,0.008667877385341987
7.7375,0.00942103304371342,0.00864621470390156
7.749999999999999,0.012278489913319873,0.008624650711323041
7.7625,0.010341809687303185,0.008603184958008747
7.7749999999999995,0.012209904503177438,0.00858181699640923
7.7875000000000005,0.011330347985956528,0.008560546381013938
7.8,0.01184568406009145,0.008539372668341946
7.812499999999999,0.0112922972104206,0.008518295416932694
7.825,0.009600787533147111,0.008497314187336782
7.8374999999999995,0.010145561509374096,0.008476428542106828
7.8500000000000005,0.008482968490690449,0.008455638045788317
7.8625,0.009944187770357053,0.008434942264910546
7.875000000000001,0.010213670660102942,0.008414340767977578
7.8875,0.007625609806324652,0.008393833125459242
7.8999999999999995,0.010868589324684557,0.008373418909782188
7.9125,0.010967562509623802,0.00835309769532096
7.924999999999999,0.008577747933859261,0.008332869058389128
7.9375,0.013533644262465958,0.008312732577230452
7.949999999999999,0.010773873495159212,0.008292687832010098
7.9625,0.011285781666662435,0.008272734404805866
7.975,0.009691558420459804,0.008252871879599501
7.987499999999999,0.00989944770323315,0.008233099842267994
8.0,0.009117669326436269,0.008213417880574968
8.0125,0.01189308439817718,0.008193825584162071
8.025,0.010072761167140709,0.008174322544540421
8.0375,0.010809104485477474,0.0081549083550821
8.05,0.012019345019667043,0.00813558261101166
8.0625,0.011608692015209145,0.008116344909397697
8.075,0.009398495376139265,0.008097194849144446
8.0875,0.009767746845445761,0.008078132030983414
8.1,0.012167812543386048,0.00805915605746506
8.1125,0.010416086886120038,0.008040266532950506
8.125,0.010599390850453982,0.008021463063603294
8.137500000000001,0.01029490684163283,0.008002745257381164
8.15,0.014843876674827273,0.007984112724027891
8.1625,0.009674183637110681,0.007965565075065142
8.175,0.01336997380331634,0.007947101923784377
8.1875,0.008209681372711225,0.007928722885238786
8.2,0.0100032620337444,0.00791042757623527
8.212499999999999,0.011276833653237497,0.007892215615326442
8.225,0.013795482247537474,0.00787408662280268
8.237499999999999,0.011492541588518581,0.007856040220684203
8.25,0.010619373729200436,0.007838076032713203
8.2625,0.00941935023768799,0.007820193684345986
8.274999999999999,0.011630931737896312,0.007802392802745179
8.2875,0.01124972899121448,0.0077846730167719395
8.299999999999999,0.008113493722769453,0.007767033956978228
8.3125,0.011319228124611518,0.007749475255599103
8.325,0.012380479891579784,0.007731996546545051
8.3375,0.011109080120001572,0.007714597465394358
8.35,0.009761057553855774,0.007697277649385509
8.362499999999999,0.007346376999925473,0.0076800367374096215
8.375,0.010339550965467504,0.007662874370002924
8.3875,0.007942438980697497,0.007645790189339253
8.4,0.00884297400168556,0.007628783839222602
8.4125,0.011319228124611518,0.007611854965079684
8.425,0.007158488755982107,0.007595003213952549
8.4375,0.012486578999699554,0.007578228234491216
8.45,0.009525455491641657,0.0075615296769463575
8.4625,0.009182390394411207,0.007544907193162
8.475,0.009693643394462227,0.007528360436568261
8.4875,0.008931607163260016,0.007511889062174142
8.5,0.007019664237022447,0.00749549272656031
8.512500000000001,0.009965906249543395,0.007479171087871959
8.525,0.011294034688755498,0.007462923805811667
8.5375,0.013354923297359567,0.007446750541632319
8.55,0.00996844136316706,0.007430650958130018
8.5625,0.009001084530163498,0.0074146247196370816
8.575,0.008916816830919466,0.007398671492015027
8.587499999999999,0.011289256623334111,0.007382790942647609
8.6,0.011041231591024417,0.0073669827404338846
8.612499999999999,0.011848420236364777,0.007351246555781313
8.625,0.009904225768653827,0.007335582060598877
8.6375,0.007836800297933646,0.00731998892829025
8.649999999999999,0.011185529166739632,0.007304466833746979
8.6625,0.009613648031100102,0.007289015453341715
8.674999999999999,0.008596799740177245,0.007273634464921458
8.6875,0.009342585896891352,0.0072583235478008434
8.7,0.011532764211972616,0.0072430823827554554
8.7125,0.00906875931130766,0.007227910652015174
8.725,0.010114772975021183,0.007212808039257544
8.737499999999999,0.011485331053429101,0.007197774229601186
8.75,0.00826908490766542,0.007182808909599223
8.7625,0.008151110128719939,0.007167911767232759
8.775,0.011047573386946879,0.007153082491904358
8.7875,0.00925937607057158,0.007138320774431579
8.8,0.009734300387497986,0.007123626307040526
8.8125,0.007830805997679017,0.007108998783359429
8.825,0.009449353940571944,0.00709443789841226
8.8375,0.009351533910316385,0.0070799433486123725
8.85,0.011308366217554527,0.007065514831756172
8.8625,0.008759922537276553,0.007051152047016816
8.875,0.00678388842697397,0.007036854694937942
8.887500000000001,0.007385403426522442,0.0070226224774274214
8.9,0.008451423976142527,0.00700845509775115
8.9125,0.011047747134779531,0.006994352260526854
8.925,0.010788949736794767,0.006980313671717935
8.9375,0.007800834496401743,0.006966339038627343
8.95,0.009196724590674983,0.006952428069891467
8.962499999999999,0.007387401526606797,0.006938580475474068
8.975,0.009834796458753932,0.006924795966660222
8.987499999999999,0.008252578863480017,0.006911074256050311
8.999999999999998,0.00813851341079264,0.00689741505755402
9.0125,0.008135472823706715,0.0068838180863843865
9.024999999999999,0.01163908956358677,0.006870283059051847
9.0375,0.008458556920084242,0.006856809693358338
9.049999999999999,0.007643418959259711,0.006843397708391405
9.0625,0.008600335152214216,0.00683004682451835
9.075,0.011483720845063121,0.0068167567633804025
9.0875,0.011380908605501228,0.006803527247886911
9.1,0.0070003782275044266,0.0067903580022095665
9.112499999999999,0.0115391928818107,0.006777248751776657
9.125,0.010839510356340617,0.006764199223267339
9.1375,0.012081633617974031,0.006751209144605935
9.15,0.007924317350543903,0.006738278244956269
9.1625,0.008562805620179406,0.006725406254716016
9.175,0.008862086263370162,0.006712592905511074
9.1875,0.008161448124814128,0.006699837930189987
9.2,0.010804460625428778,0.006687141062818349
9.2125,0.006906206901751768,0.006674502038673288
9.225,0.010450923326735183,0.006661920594237921
9.2375,0.006957462512631904,0.006649396467195874
9.25,0.008957908193540958,0.0066369293964258155
9.262500000000001,0.011259009711893869,0.006624519121996
9.275,0.00835630632007473,0.006612165385158858
9.2875,0.007152407581809998,0.006599867928345596
9.3,0.0060911558148427055,0.006587626495160836
9.3125,0.008141380250044591,0.0065754408303772514
9.325000000000001,0.008135472823706715,0.006563310679930267
9.3375,0.006886399648732486,0.006551235790912748
9.35,0.008760443780776797,0.00653921591156973
9.362499999999999,0.008426326696971884,0.00652725079129317
9.374999999999998,0.009289505933760194,0.006515340180616726
9.3875,0.008489223412696137,0.006503483831210549
9.399999999999999,0.008954693858620381,0.006491681495876105
9.4125,0.008573751733689974,0.006479932928541033
9.424999999999999,0.011116638150759499,0.006468237884254002
9.4375,0.007504352576143346,0.006456596119179605
9.45,0.01076679688802446,0.00644500739059328
9.462499999999999,0.006662959934864424,0.006433471456876247
9.475,0.007781722234717292,0.006421988077510475
9.487499999999999,0.010920303098914482,0.006410557013073655
9.5,0.009927079221099217,0.006399178025234223
9.5125,0.006169902122910056,0.006387850876746382
9.525,0.008906391960910193,0.006376575331445155
9.5375,0.008257009433234225,0.00636535115424147
9.55,0.00928186102908566,0.006354178111117247
9.5625,0.007634174089273291,0.006343055969120523
9.575,0.00818038663866503,0.006331984496360605
9.5875,0.008268737411994983,0.006320963462003213
9.6,0.010937243512680304,0.006309992636265694
9.6125,0.009774056674497614,0.006299071790412208
9.625,0.007428666637062632,0.006288200696748975
9.637500000000001,0.010941760956348794,0.006277379128619517
9.65,0.007150670103475101,0.006266606860399943
9.6625,0.0070590181213080905,0.00625588366749423
9.675,0.008728995422914623,0.006245209326329554
9.6875,0.007363321574932558,0.006234583614351627
9.700000000000001,0.009725439247990672,0.006224006310020045
9.7125,0.009801367051226653,0.0062134771928036864
9.725,0.006922365450265785,0.006202996043176098
9.737499999999999,0.008515726465912105,0.006192562642610928
9.749999999999998,0.008112538109686093,0.006182176773577372
9.7625,0.009414083130372682,0.0061718382195356195
9.774999999999999,0.005653137526608904,0.006161546764932366
9.7875,0.0060237416554468045,0.0061513021951963
9.799999999999999,0.007427971645727869,0.006141104296733629
9.8125,0.007469671125765848,0.006130952856923639
9.825,0.005777801597139497,0.006120847664114252
9.837499999999999,0.008158928781227825,0.006110788507617612
9.85,0.006781021587720677,0.006100775177705699
9.862499999999999,0.011912201354595527,0.006090807465605952
9.875,0.007673998577952233,0.006080885163496916
9.8875,0.007708400648984344,0.006071008064503911
9.9,0.008266999933659978,0.006061175962694718
9.9125,0.007147908234203657,0.006051388653075281
9.924999999999999,0.005099700144529368,0.006041645931585443
9.9375,0.008020104262268166,0.006031947595094684
9.95,0.009378986068007144,0.006022293441397883
9.9625,0.008802664504315256,0.006012683269211115
9.975,0.006972032235159926,0.006003116878167437
9.9875,0.006199140093357941,0.005993594068812724
10.0,0.006769119861126737,0.005984114642601509
10.012500000000001,0.009194987112340085,0.005974678401892832
10.025,0.007730292876001938,0.0059652851499461335
10.0375,0.006212480798568666,0.005955934690917146
10.05,0.008713097496150223,0.00594662682985381
10.0625,0.008091688369667192,0.0059373613726922125
10.075000000000001,0.005621862916579894,0.005928138126252536
10.0875,0.006422666681144145,0.005918956898235037
10.1,0.008424051970358537,0.005909817497216034
10.112499999999999,0.006849217612366591,0.005900719732643912
10.124999999999998,0.00762882414124347,0.005891663414835158
10.1375,0.00880692132623587,0.005882648354970399
10.149999999999999,0.0062564497983303696,0.00587367436509047
10.1625,0.008899442047570457,0.005864741258092489
10.174999999999999,0.007813431214329609,0.005855848847725968
10.1875,0.008544822719413994,0.005846996948588915
10.2,0.007924195458180006,0.005838185376123976
10.212499999999999,0.007866858673128113,0.005829413946614591
10.225,0.007664674324285214,0.0058206824771811555
10.237499999999999,0.008877984190135994,0.005811990785777209
10.25,0.007661488733940953,0.005803338691185649
10.2625,0.005942340795455374,0.00579472601301494
10.275,0.00686541175549998,0.005786152571695356
10.2875,0.006613963045817933,0.005777618188475243
10.299999999999999,0.008860261911117046,0.005769122685417286
10.3125,0.0063806197054387835,0.005760665885394797
10.325,0.007870268501035383,0.00575224761208803
10.3375,0.008814037881288919,0.0057438676899804995
10.35,0.008096379561170954,0.005735525944355321
10.3625,0.009211058786938033,0.005727222201291568
10.375,0.00880127452164801,0.005718956287660651
10.387500000000001,0.008489223412696137,0.005710728031122699
10.4,0.008015731160325215,0.005702537260122976
10.4125,0.008135472823706715,0.005694383803888295
10.425,0.00693921899011519,0.005686267492423464
10.4375,0.006281235944681329,0.00567818815650774
10.450000000000001,0.007413373242644402,0.005670145627691299
10.4625,0.006380098461938285,0.005662139738291727
10.475,0.006386353383945118,0.005654170321390522
10.487499999999999,0.006150143204312433,0.005646237210829611
10.499999999999998,0.0055271703473276585,0.005638340241207893
10.5125,0.004953803008956978,0.005630479247877782
10.524999999999999,0.007381494100268758,0.0056226540669417815
10.5375,0.008135472823706715,0.005614864535249065
10.549999999999999,0.007601285109636013,0.005607110490392071
10.5625,0.0058148967595894425,0.00559939177070312
10.575,0.008506515568728796,0.0055917082152510435
10.587499999999999,0.01038663662834392,0.005584059663837829
10.6,0.008949307675782565,0.00557644595699528
10.612499999999999,0.007668091151613622,0.00556886693598169
10.625,0.005847173140472254,0.0055613224427785305
10.6375,0.008303660726526862,0.005553812320087165
10.65,0.006104534398020398,0.005546336411325561
10.6625,0.00944414150556739,0.005538894560625028
10.674999999999999,0.007809174392409023,0.005531486612826965
10.6875,0.00884297400168556,0.005524112413479634
10.7,0.01167315246143446,0.005516771808834928
10.7125,0.0063888727275297945,0.00550946464584518
10.725,0.006598846984304673,0.005502190772159952
10.7375,0.008817519944079,0.005494950036122883
10.75,0.0065003647831727044,0.0054877422867685025
10.7625,0.006653925047521646,0.005480567373819103
10.775,0.005654440635359748,0.005473425147681594
10.7875,0.0068594687345425315,0.005466315459444389
10.8,0.006134679647131247,0.005459238160874298
10.8125,0.005849779998165633,0.0054521931044134424
10.825000000000001,0.007320942980296886,0.005445180143176169
10.8375,0.007693197713553212,0.005438199130945994
10.85,0.005926095373024237,0.005431249922172556
10.862499999999999,0.010355994206913749,0.005424332371968577
10.874999999999998,0.008214528087945512,0.005417446336106841
10.8875,0.006794313296983045,0.005410591671017194
10.899999999999999,0.007467933647430998,0.005403768233783543
10.9125,0.0076774735346221736,0.005396975882140876
10.924999999999999,0.005903855650337391,0.005390214474472305
10.9375,0.004850571444299428,0.0053834838698061036
10.95,0.007509980623136029,0.005376783927812771
10.962499999999999,0.00843353723206201,0.005370114508802108
10.975,0.008868688681042347,0.005363475473720304
10.987499999999999,0.007648946282868677,0.005356866684147037
11.0,0.007573832951944283,0.005350288002292584
11.0125,0.006749138860275132,0.005343739290994956
11.025,0.007364727434336848,0.005337220413717036
11.0375,0.006438321570070651,0.0053307312345437195
11.049999999999999,0.007568707390856293,0.005324271618179105
11.0625,0.006963456812887422,0.005317841429943653
11.075,0.008829942914173649,0.005311440535771384
11.0875,0.006421450446309557,0.005305068802207084
11.1,0.004910713034097814,0.005298726096403525
11.1125,0.0071207100189367755,0.005292412286118694
11.125,0.007175776665414431,0.0052861272397130244
11.1375,0.006947558886122921,0.005279870826146673
11.15,0.0059613661832231,0.0052736429149767665
11.1625,0.007605933130928149,0.005267443376354698
11.175,0.007486698413448073,0.005261272081023409
11.1875,0.007493040209370552,0.0052551289003147
11.200000000000001,0.007013061819349334,0.005249013706146546
11.2125,0.005971877927149389,0.0052429263710204255
11.225,0.005305468111791334,0.005236866768018667
11.2375,0.007398434514034269,0.0052308347708017915
11.25,0.007404081318622759,0.005224830253605894
11.2625,0.0076418552287564,0.005218853091240006
11.274999999999999,0.0047727572543052755,0.005212903159083499
11.2875,0.004528537623912575,0.005206980333083476
11.299999999999999,0.006697535753728109,0.0052010844897521875
11.3125,0.005418317329644237,0.0051952155061644615
11.325,0.005150832539983586,0.00518937325995514
11.337499999999999,0.006434498178786987,0.005183557629316515
11.35,0.009003556435596747,0.005177768492995807
11.362499999999999,0.006910203101922113,0.005172005730292626
11.375,0.009257970701980874,0.005166269221056462
11.3875,0.007798402026732528,0.005160558845684169
11.4,0.005337271775650316,0.005154874485117482
11.4125,0.003699864382493097,0.00514921602084053
11.424999999999999,0.00706205870839402,0.005143583334877367
11.4375,0.007264214312661793,0.005137976309789509
11.45,0.0046177741868304615,0.005132394828673488
11.4625,0.005969434766290977,0.005126838775158413
11.475,0.0063471684460595585,0.005121308033403548
11.4875,0.0053628048968436,0.005115802488095894
11.5,0.008190637760840358,0.005110322024447779
11.5125,0.006783714679140064,0.005104866528194475
11.525,0.005694845755923392,0.005099435885591808
11.5375,0.005533512143249386,0.005094029983413792
11.55,0.005896210745663649,0.005088648708950264
11.5625,0.0056290734516696314,0.005083291950004536
11.575000000000001,0.006280172203340042,0.005077959594891054
11.5875,0.009240335296881449,0.005072651532433073
11.6,0.009118538065603655,0.005067367651960336
11.6125,0.004936080217787566,0.005062107843306767
11.625,0.005833140282106224,0.005056871996808177
11.6375,0.008240937758636213,0.00505166000329997
11.649999999999999,0.004677389198203625,0.005046471754114874
11.6625,0.005097144459434608,0.005041307141080678
11.674999999999999,0.005755127504868277,0.005036166056517968
11.687499999999998,0.00788901152189851,0.005031048393237885
11.7,0.007781722234717292,0.005025954044539893
11.712499999999999,0.006419191724474123,0.005020882904209551
11.725,0.004873617871647256,0.005015834866516303
11.737499999999999,0.006720817963416047,0.005010809826211271
11.75,0.006012969289770179,0.005005807678525054
11.7625,0.007472027540745649,0.005000828319165556
11.775,0.005032510265375613,0.004995871644315803
11.7875,0.0021477749859102105,0.004990937550631781
11.799999999999999,0.00621625425495577,0.004986025935240282
11.8125,0.0058012575546603105,0.004981136695736758
11.825,0.005724824619397126,0.004976269730183184
11.8375,0.004277575928853519,0.004971424937105939
11.85,0.005559400570439673,0.004966602215493684
11.8625,0.007305653170949551,0.004961801464795258
11.875,0.00597777671090971,0.004957022584917581
11.8875,0.00613328966446326,0.00495226547622357
11.9,0.0062334552904713516,0.004947530039530059
11.9125,0.007375934169597093,0.004942816176105732
11.925,0.007241713968224606,0.004938123787669061
11.9375,0.004421221982202388,0.004933452776386264
11.950000000000001,0.004883087128572663,0.00492880304486926
11.9625,0.005286355850107209,0.004924174496173635
11.975,0.007245536420561478,0.004919567033796635
11.9875,0.0071541450601446364,0.004914980561675137
12.0,0.006689970232736579,0.004910414984183654
12.0125,0.006452290686754384,0.004905870206132344
12.024999999999999,0.006697883249395068,0.004901346132765021
12.0375,0.004181232755182296,0.00489684266975718
12.049999999999999,0.004677195945884813,0.00489235972321403
12.062499999999998,0.00570527318669683,0.00488789719966854
12.075,0.005301211289870755,0.004883455006079486
12.087499999999999,0.00790369321382854,0.004879033049829512
12.1,0.0062971338714461495,0.0048746312387232
12.112499999999999,0.007537981040387808,0.0048702494809851485
12.125,0.00734457268565178,0.004865887685258058
12.1375,0.00528852769802585,0.004861545760600824
12.15,0.004574510976291155,0.004857223616486646
12.1625,0.007009065619179003,0.004852921162801135
12.174999999999999,0.008030529132277623,0.004848638309840439
12.1875,0.0057104869020835605,0.004844374968309367
12.2,0.005345343239577565,0.004840131049319536
12.2125,0.006507281876054489,0.004835906464387508
12.225,0.007106972523351571,0.004831701125432952
12.2375,0.007213948629102695,0.004827514944776806
12.25,0.003948150036552899,0.004823347835139446
12.2625,0.004919574173605945,0.004819199709638869
12.275,0.0071727360783283445,0.004815070481788884
12.2875,0.005526790329957915,0.004810960065497302
12.3,0.004146048818900132,0.004806868375064147
12.3125,0.007038776498705909,0.004802795325179866
12.325000000000001,0.00813243223662077,0.004798740830923553
12.3375,0.002980374604003188,0.004794704807761177
12.35,0.004244216344823065,0.0047906871715438165
12.3625,0.007204042569867997,0.004786687838505908
12.375,0.006267336118002255,0.004782706725263505
12.3875,0.005429610938821244,0.00477874374881253
12.399999999999999,0.005044672613720084,0.004774798826527046
12.4125,0.004257250633289869,0.004770871876157539
12.424999999999999,0.005192966389605285,0.0047669628158292
12.437499999999998,0.0061436276605560695,0.004763071564040214
12.45,0.004492067629299212,0.004759198039660069
12.462499999999999,0.006558189991267573,0.004755342161927856
12.475,0.0036905197707527496,0.0047515038504505926
12.487499999999999,0.008267260555410195,0.0047476830252015404
